ASIN,user,ËØÑËÆ∫‰∫∫Ê†áËÆ∞,ÊòØÂê¶vp,time,headline,comments,color,star rating,agree,Á´ôÁÇπÊù•Ê∫ê,ÊòØÂê¶ÂõæÁâá,ÊòØÂê¶ÊúâËßÜÈ¢ë,ÈìæÊé•
B0DGQVFTL1,Greg Gutierrez,R3TLCM1NF3DZ08,ÊòØ,"January 29, 2025",Beautiful & Functional Matcha Set,"I absolutely love this matcha whisk set! It has everything I need to make the perfect cup of matcha at home. The ceramic matcha bowl with a spout is a game-changer‚Äîit makes pouring so much easier without spilling. The bamboo whisk creates a smooth, frothy matcha, and the whisk holder keeps it in great shape. The matcha spoon and tea cloth are nice touches that complete the set.
I got the pink set, and it‚Äòs even more beautiful in person. The soft, cherry blossom-inspired color makes my tea time feel extra special and elegant. The quality is amazing‚Äîthe ceramic is sturdy, the bamboo tools are well-made, and everything is easy to clean.

This set is perfect for matcha lovers, whether you're a beginner or experienced. It also makes a great gift for anyone who enjoys matcha tea. Highly recommend",Color: Light Pink,5.0,,US,Âê¶,Âê¶,https://www.amazon.com/gp/customer-reviews/R3TLCM1NF3DZ08/ref=cm_cr_getr_d_rvw_ttl?ie=UTF8&ASIN=B0DGQVFTL1
B0DGQVFTL1,Millenial Bird Dad,R3T431XVNWY7SY,ÊòØ,"February 2, 2025",Good quality,"This Matcha Whisk Set has been a wonderful addition to my morning routine! I‚Äòve been wanting to get into making matcha at home, and this kit has everything I need to get started. The bowl is a beautiful shade of pink (it also comes in green!), and it's the perfect size for whisking up a frothy cup of matcha.
The bamboo whisk works really well, and I love that it comes with a holder to help it keep its shape. The little spoon is perfect for measuring out the matcha powder, and the tea cloth is a nice touch.

The quality of the set seems really good for the price. The bowl is sturdy and well-made, and the whisk feels solid in my hand. I also appreciate that the bowl has a spout, which makes it easy to pour the matcha without making a mess.

Overall, I'm very happy with this matcha set. It's beautiful, functional, and has made my matcha-making experience so much more enjoyable. I'd definitely recommend it to anyone who loves matcha or is looking to try it for the first time!",Color: Light Pink,5.0,,US,Âê¶,Âê¶,https://www.amazon.com/gp/customer-reviews/R3T431XVNWY7SY/ref=cm_cr_getr_d_rvw_ttl?ie=UTF8&ASIN=B0DGQVFTL1
B0DGQVFTL1,Nicole Phan,R2QNYOBGC94BU7,ÊòØ,"January 24, 2025",So cute,"This 5-piece matcha tea set is fantastic for making traditional matcha at home. The whisk creates a smooth, frothy texture, and the bowl is perfectly sized for whisking. Each piece feels high-quality and durable. I love the aesthetic design, which adds a calming ritual to my tea routine. A must-have for any matcha lover!",Color: Light Pink,5.0,,US,Âê¶,Âê¶,https://www.amazon.com/gp/customer-reviews/R2QNYOBGC94BU7/ref=cm_cr_getr_d_rvw_ttl?ie=UTF8&ASIN=B0DGQVFTL1
B0DGQVFTL1,Navatnie,R2ZPFNBGA2O0EP,ÊòØ,"February 2, 2025",Great matcha kit,This is such a cute match kit. I love this matcha kit so much. It is so much nicer than I expected. The bowl and whisk holder is so well made. The color is vibrant and beautiful. The whisk works so well and really makes it easy to whisk in the matcha powder. It‚Äôs perfect for a gift or just for you.,Color: Light Pink,5.0,,US,ÊòØ,Âê¶,https://www.amazon.com/gp/customer-reviews/R2ZPFNBGA2O0EP/ref=cm_cr_getr_d_rvw_ttl?ie=UTF8&ASIN=B0DGQVFTL1
B0DGQVFTL1,Nish,RW61D7NG2C8LY,ÊòØ,"January 29, 2025",Beautiful & Functional Matcha Set ‚Äì Love it!,"I absolutely love this matcha whisk set! The pink color is so delicate and elegant, making my matcha-making experience feel extra special. The bowl has a spout, which makes pouring super easy without any mess. The bamboo whisk is well-made and whisks up a nice frothy matcha every time. Plus, the ceramic pieces feel sturdy and high-quality. It‚Äôs a perfect set for anyone who enjoys matcha, whether you‚Äòre a beginner or a long-time fan. Highly recommend!",Color: Light Pink,5.0,,US,Âê¶,Âê¶,https://www.amazon.com/gp/customer-reviews/RW61D7NG2C8LY/ref=cm_cr_getr_d_rvw_ttl?ie=UTF8&ASIN=B0DGQVFTL1
B0DGQVFTL1,Laetitia Hua,R1OVX4F7SE59YE,ÊòØ,"January 24, 2025",Quality matcha set,"I originally had some of the pieces in this set but I‚Äòm still glad I got this full set. The items came very well packaged. I used to use a random bowl in my cabinet, but the matcha bowls are just the right size and enhances the experience. I also had a whisk but now I also have the whisk AND whisk stand. For some reason, having a full set is just nice. All the items are good quality. The pink is a cute color. This is also a good gift for my matcha lover friends, so I'll probably buy another set for gifting soon.",Color: Light Pink,5.0,,US,Âê¶,Âê¶,https://www.amazon.com/gp/customer-reviews/R1OVX4F7SE59YE/ref=cm_cr_getr_d_rvw_ttl?ie=UTF8&ASIN=B0DGQVFTL1
B0DGQVFTL1,Brian,R3SVSLBSIAAO22,ÊòØ,"January 14, 2025",Poor quality whisk,I bought this for my daughter that loves matcha who was so excited to receive it for Christmas. The bowl was very cute however the whisk was unusable and fell apart on the second use even though she soaked it in warm water before whisking and used gentle pressure. The whisk the most important part this was very disappointing.,Color: Light Pink,2.0,,US,Âê¶,Âê¶,https://www.amazon.com/gp/customer-reviews/R3SVSLBSIAAO22/ref=cm_cr_getr_d_rvw_ttl?ie=UTF8&ASIN=B0DGQVFTL1
B0DGQVFTL1,Husein Ahmad,RZCGIBJEMLG6A,ÊòØ,"January 28, 2025",Exactly what I needed to make my matcha lattes!,"Exactly what I needed!! This set includes everything I needed to make my own matcha lattes. The bowl is perfect size and the whisk is excellent quality. This makes perfect matcha and you can definitely tell the difference in taste when comparing it to using a milk frother. Now that I have a matcha whisk set, I just need to invest in higher quality matcha that comes straight from Japan! Look how gorgeous my latte came out. Very happy with my purchase!",Color: Light Pink,5.0,1.0,US,ÊòØ,Âê¶,https://www.amazon.com/gp/customer-reviews/RZCGIBJEMLG6A/ref=cm_cr_getr_d_rvw_ttl?ie=UTF8&ASIN=B0DGQVFTL1
B0DGQVRTXF,Eli Brady,R29ID3M8JR3DJ,ÊòØ,"February 7, 2025",Cafe quality matcha right at home!,I bought this matcha set because I was tired of spending $7 to $10 on an inconsistently made matcha from my local coffee shop‚Äî and boy do I wish I bought this thing sooner. I am now able to make a perfectly crafted drink every single time. The wisk/sifter combination allows me to aerate my drink and ensures there are no clumps in the powder. The set is also so cute and is large enough to make 2+ cups. I‚Äôd definitely recommend if you are a home brewer like myself.,Color: Dark Green,5.0,,US,Âê¶,Âê¶,https://www.amazon.com/gp/customer-reviews/R29ID3M8JR3DJ/ref=cm_cr_getr_d_rvw_ttl?ie=UTF8&ASIN=B0DGQVFTL1
B0DGQX2RK8,KL,R32H6G9DO0JTC3,ÊòØ,"January 25, 2025",Perfect for matcha lovers,"This is a great set for matcha lovers. The color of the set I purchased is mint green and matches the green matcha powder! The little spout on the bowl makes it easy to pour your whisked matcha into your desired tea cup. However, I don‚Äòt believe the bowl is microwavable (just FYI). It has everything you need to prepare matcha like a professional, and the tea cloth helps with accidental matcha spillage!",Color: Light Green,5.0,,US,Âê¶,Âê¶,https://www.amazon.com/gp/customer-reviews/R32H6G9DO0JTC3/ref=cm_cr_getr_d_rvw_ttl?ie=UTF8&ASIN=B0DGQVFTL1
B0DGQVFTL1,happy buyer!,R1NA556HCAYKCV,ÊòØ,"January 31, 2025",Easy Tea Time!,I love my new Matcha Whisk Set! The big pink bowl makes it easy to pour tea without spilling. The bamboo whisk helps me make my matcha super frothy and yummy. The spoon is perfect for getting just the right amount of matcha powder. This set makes making matcha tea so much fun!,Color: Light Pink,5.0,,US,Âê¶,Âê¶,https://www.amazon.com/gp/customer-reviews/R1NA556HCAYKCV/ref=cm_cr_getr_d_rvw_ttl?ie=UTF8&ASIN=B0DGQVFTL1
B0DGQVFTL1,Niaz111,R1XKC4LAK1EBZU,ÊòØ,"January 21, 2025",Simply awsome.,"This Matcha Whisk Set is perfect for matcha lovers. The bowl with a spout is practical, and the bamboo whisk creates a smooth froth. The whisk holder, spoon, and tea cloth are great additions, making it easy to enjoy an authentic matcha experience. The pink design is very attractive.",Color: Light Pink,5.0,2.0,US,ÊòØ,Âê¶,https://www.amazon.com/gp/customer-reviews/R1XKC4LAK1EBZU/ref=cm_cr_getr_d_rvw_ttl?ie=UTF8&ASIN=B0DGQVFTL1
B0DGQVFTL1,Jason,R11453DFA0PL9,ÊòØ,"January 22, 2025",Beautiful set,The color and shape are beautiful. The stick and broom are also useful and of high quality. I also liked the packaging because it was sturdy and well designed. I‚Äôd even be able to give it as a gift. Highly recommend.,Color: Light Pink,5.0,,US,Âê¶,Âê¶,https://www.amazon.com/gp/customer-reviews/R11453DFA0PL9/ref=cm_cr_getr_d_rvw_ttl?ie=UTF8&ASIN=B0DGQVFTL1
B0DGQVFTL1,Dan Kost,R2Y32KSA46GG3J,ÊòØ,"January 11, 2025",Beautiful and Functional Set,"Bought this pink set for my wife since she loves Oat Milk Matcha. Ceramic bowl with a spout, bamboo whisk, whisk holder, tea spoon, and tea cloth. Each piece feels well-crafted and high-quality. Bamboo whisk does a great job of creating a smooth, clump-free matcha.It‚Äôs easy to clean, durable, and safe for regular use.
Highly recommend it",Color: Light Pink,5.0,,US,ÊòØ,Âê¶,https://www.amazon.com/gp/customer-reviews/R2Y32KSA46GG3J/ref=cm_cr_getr_d_rvw_ttl?ie=UTF8&ASIN=B0DGQVFTL1
B0DGQVFTL1,ginette,R2EZYTWO0UCW7E,ÊòØ,"January 15, 2025",Super cute,"I love the quality, the kit is complete and it is a game changer. My matcha tastes much better",Color: Light Pink,5.0,,US,ÊòØ,Âê¶,https://www.amazon.com/gp/customer-reviews/R2EZYTWO0UCW7E/ref=cm_cr_getr_d_rvw_ttl?ie=UTF8&ASIN=B0DGQVFTL1
B0DGQVFTL1,Elliott Merchan,R37NA38A5DS6E3,ÊòØ,"January 23, 2025","Perfect to birthday gift, my sister loves it",Super cute,Color: Light Pink,5.0,,US,Âê¶,Âê¶,https://www.amazon.com/gp/customer-reviews/R37NA38A5DS6E3/ref=cm_cr_getr_d_rvw_ttl?ie=UTF8&ASIN=B0DGQVFTL1
B0DGQX2RK8,Retail Gail,R37HVB8UTILSMC,Âê¶,"December 6, 2024",Very pretty matcha set!,"This matcha set comes complete with everything you need to make a great bowl of matcha, except the actual matcha powder of course. The minty green color on the ceramic parts are true to the description and very evenly coated. All of the ceramic parts feel high end. I know some may not like the spout type bowls, but I actually prefer them for ease of transferring bigger batches into individual cups. I don‚Äòt typically drink my tea straight from the bowl. I also love that a cute little mat was included with the set. Really great purchase. You won't be disappointed.",Color: Light Green,5.0,,US,Âê¶,Âê¶,https://www.amazon.com/gp/customer-reviews/R37HVB8UTILSMC/ref=cm_cr_getr_d_rvw_ttl?ie=UTF8&ASIN=B0DGQVFTL1
B0DGQX2RK8,Island Life,R1S0V0YLJOEHUI,Âê¶,"November 17, 2024","Beautiful, All Inclusive, Aesthetic",This is a very beautiful tea set and it comes with everything you need to make some nice matcha. I love the wooden whisk and the color matching cup set. It even comes with a matching cloth. I plan to use it to make matcha for various tea drink that I like to drink.,Color: Light Green,5.0,,US,ÊòØ,Âê¶,https://www.amazon.com/gp/customer-reviews/R1S0V0YLJOEHUI/ref=cm_cr_getr_d_rvw_ttl?ie=UTF8&ASIN=B0DGQVFTL1
B0DGQVFTL1,Carmelo and Grazia,R24RC8BD4RYJ5V,ÊòØ,"January 29, 2025",Excelente set de matcha,"Este set es perfecto para preparar matcha en casa. La calidad es excelente, el batidor es resistente y el cuenco ideal. Buen regalo para amantes del matcha.",Color: Light Pink,5.0,,US,Âê¶,Âê¶,https://www.amazon.com/gp/customer-reviews/R24RC8BD4RYJ5V/ref=cm_cr_getr_d_rvw_ttl?ie=UTF8&ASIN=B0DGQVFTL1
B0DGQVFTL1,Olive Owen,R2V8DVWN9BYNSI,ÊòØ,"February 4, 2025",High quality,This set is so cute! I am able to save money everyday making my own match. It‚Äôs very high quality and so aesthetically pleasing on my counter top. Stop buying matcha from the store and make your own at home!!!,Color: Light Pink,5.0,,US,Âê¶,Âê¶,https://www.amazon.com/gp/customer-reviews/R2V8DVWN9BYNSI/ref=cm_cr_getr_d_rvw_ttl?ie=UTF8&ASIN=B0DGQVFTL1
B0DGQVFTL1,Devastated,RR5ZBKPFKD4BR,ÊòØ,"January 27, 2025",The best,"I‚Äòve been wanting a matcha whisk kit for a while now and finally decided to get one and I'm soo glad I was able to get my hands on this. Its worth the price! I would recommend this for everyone, the process of making my matcha every morning is so fun now!",Color: Light Pink,5.0,,US,Âê¶,Âê¶,https://www.amazon.com/gp/customer-reviews/RR5ZBKPFKD4BR/ref=cm_cr_getr_d_rvw_ttl?ie=UTF8&ASIN=B0DGQVFTL1
B0DGQVFTL1,Martha Gaviria,R6FDDE3FV6SA1,ÊòØ,"January 28, 2025",Beautiful and Functional Matcha Set,"This matcha whisk set is perfect for both beginners and matcha tea ceremony enthusiasts. The 20 oz bowl with a spout makes whisking and pouring effortless, and the bamboo whisk creates a perfectly frothy matcha every time. The whisk holder and matcha spoon are thoughtful additions that keep everything organized. Plus, the pink design adds a lovely touch to the ritual. Highly recommend for anyone who loves making authentic matcha at home!",Color: Light Pink,5.0,,US,ÊòØ,Âê¶,https://www.amazon.com/gp/customer-reviews/R6FDDE3FV6SA1/ref=cm_cr_getr_d_rvw_ttl?ie=UTF8&ASIN=B0DGQVFTL1
B0DGQVFTL1,Joshua Prager,RBJJT45EWQK6D,ÊòØ,"January 18, 2025",Cute Matcha At-Home Ceremony,"I‚Äôve been wanting to have matcha the traditional way and enjoy celebrating international customs. Very easy to use and love the design of the mat. Matcha came out as it did in the tea ceremony I had in Japan! (Quite bitter as expected, I recommend adding lavender if you‚Äôre okay with deviating a bit)",Color: Light Pink,5.0,,US,ÊòØ,Âê¶,https://www.amazon.com/gp/customer-reviews/RBJJT45EWQK6D/ref=cm_cr_getr_d_rvw_ttl?ie=UTF8&ASIN=B0DGQVFTL1
B0DGQVFTL1,Z,R1LD52XXGBK1DR,ÊòØ,"January 26, 2025",Lovely set for matcha lovers,"is a lovely set for matcha lovers. The bowl with a spout is super practical for easy pouring and whisking, while the bamboo whisk and holder create that perfect frothy texture.The soft pink color adds a bit of charm to the whole experience. Whether you‚Äòre new to matcha or a seasoned pro, this 5-piece kit really elevates your tea ceremony. Overall, it‚Äôs a cute and high-quality set that makes matcha time extra special.",Color: Light Pink,5.0,,US,Âê¶,Âê¶,https://www.amazon.com/gp/customer-reviews/R1LD52XXGBK1DR/ref=cm_cr_getr_d_rvw_ttl?ie=UTF8&ASIN=B0DGQVFTL1
B0DGQVFTL1,johanna,R2N09QEH5WY8KH,ÊòØ,"January 20, 2025",This beautifully kit brings the authentic experience of the matcha tea ceremony to your home.,"I loved it I bought it as a gift for a friend who is just starting out in the world of matcha. This beautifully designed kit brings the authentic experience of the matcha tea ceremony to your home. The 5-piece kit includes a bamboo whisk (chasen) to create that signature foamy texture, a whisk holder to keep the whisk‚Äòs shape, a matcha scoop (chashaku) for precise measuring, and a tea towel to keep your equipment clean and tidy. Each piece is carefully designed to enhance the matcha making experience, whether you're a beginner or an experienced tea lover.
This kit makes it easier than ever to enjoy the soothing and healthy benefits of matcha.",Color: Light Pink,5.0,,US,Âê¶,Âê¶,https://www.amazon.com/gp/customer-reviews/R2N09QEH5WY8KH/ref=cm_cr_getr_d_rvw_ttl?ie=UTF8&ASIN=B0DGQVFTL1
B0DGQVFTL1,Sumaiya,R1ZQ8RQ50RVIQN,ÊòØ,"January 16, 2025",nice matcha whisk set,"I really like this whisk set, I am excited to make all of my matcha lattes now. Worth the value.",Color: Light Pink,5.0,,US,Âê¶,Âê¶,https://www.amazon.com/gp/customer-reviews/R1ZQ8RQ50RVIQN/ref=cm_cr_getr_d_rvw_ttl?ie=UTF8&ASIN=B0DGQVFTL1
B0DGQVFTL1,Rupert,RGX8Y5W2E8J10,ÊòØ,"January 19, 2025",cool gift,"I absolutely adore this BEIMENWAI Matcha Whisk Set! The 20 oz bowl with a spout is so practical and elegant, and the bamboo whisk creates the perfect frothy matcha every time. The included whisk holder, spoon, and tea cloth make it a complete set for any matcha lover. The pink color is so charming and adds a lovely touch to my tea ritual. Highly recommend it for anyone who enjoys matcha or wants to elevate their tea ceremony experience!",Color: Light Pink,5.0,,US,Âê¶,Âê¶,https://www.amazon.com/gp/customer-reviews/RGX8Y5W2E8J10/ref=cm_cr_getr_d_rvw_ttl?ie=UTF8&ASIN=B0DGQVFTL1
B0DGQVFTL1,Rina G.,R3BIEZQKA0S5MX,ÊòØ,"January 13, 2025",Fabulous gift idea,This is such a nice quality matcha preparation set. I am very pleased with the presentation and color. The whisk is durable and the mat it comes with is absolutely beautiful. Great value.,Color: Light Pink,5.0,,US,Âê¶,Âê¶,https://www.amazon.com/gp/customer-reviews/R3BIEZQKA0S5MX/ref=cm_cr_getr_d_rvw_ttl?ie=UTF8&ASIN=B0DGQVFTL1
B0DGQVFTL1,Amber,R1PQ43RFOGGB15,ÊòØ,"February 2, 2025",Perfect and so adorable!!,I am in love with this matcha set!! It comes with all you need minus the matcha and is so easy to use & clean. Not to mention it‚Äôs adorable! I feel like a real life barista and my drink turned out so yummy üòã,Color: Light Pink,5.0,,US,ÊòØ,Âê¶,https://www.amazon.com/gp/customer-reviews/R1PQ43RFOGGB15/ref=cm_cr_getr_d_rvw_ttl?ie=UTF8&ASIN=B0DGQVFTL1
B0DGQWCCQG,Tho Dang,R1ZVNUBKCYM8V9,Âê¶,"November 12, 2024",Absolutely good,The matcha set is amazing! I fell in love with this matcha set at first sight. It‚Äòs beautiful! Great value!,Color: Dark Blue,5.0,,US,ÊòØ,Âê¶,https://www.amazon.com/gp/customer-reviews/R1ZVNUBKCYM8V9/ref=cm_cr_getr_d_rvw_ttl?ie=UTF8&ASIN=B0DGQVFTL1
B0DGQVFTL1,Yesenia,R16XLJX8WI4KDH,ÊòØ,"January 16, 2025",It wasn‚Äôt what I expected,"returned it. At first, it was fine, but after a few days, I didn‚Äôt like it, so I sent it back. It wasn‚Äôt what I expected.",Color: Light Pink,1.0,,US,Âê¶,Âê¶,https://www.amazon.com/gp/customer-reviews/R16XLJX8WI4KDH/ref=cm_cr_getr_d_rvw_ttl?ie=UTF8&ASIN=B0DGQVFTL1
B0DGQVFTL1,Zihan Chen,R23QGFQVKT2L0J,ÊòØ,"February 1, 2025",Great wisks,"The BEIMENWAI Matcha Whisk Set is a fantastic choice for both beginners and matcha enthusiasts. The high-quality bamboo whisk and scoop feel authentic and durable, while the 20 oz ceramic bowl with a spout makes pouring effortless and mess-free. The whisk creates a smooth, frothy matcha, and the included stand helps maintain its shape. Everything in this set is thoughtfully designed, making it easy to prepare matcha the traditional way. Plus, it comes beautifully packaged, making it a perfect gift for any tea lover. Highly recommend!",Color: Light Pink,5.0,,US,Âê¶,Âê¶,https://www.amazon.com/gp/customer-reviews/R23QGFQVKT2L0J/ref=cm_cr_getr_d_rvw_ttl?ie=UTF8&ASIN=B0DGQVFTL1
B0DGQVFTL1,Didi,R33K12BAIUEAM2,ÊòØ,"January 24, 2025",Great Matcha kit,"I love this matcha set! The light pink color is so pretty, and it‚Äôs really easy to use, even for beginners like me. The bowl‚Äôs spout makes pouring simple without spilling, and the bamboo whisk mixes everything smoothly. It‚Äôs well-made, easy to clean, and perfect for making matcha at home. Definitely worth it! If you wanna get started with Matcha, I would definitely start with this kit. It‚Äôs sleek and clean. It‚Äôs great quality, especially the bowl. It is slightly overpriced, but it works how it‚Äôs exactly supposed to make sure you also heat up the whisk before you use it so you don‚Äôt crack it. Matcha is so good with this!",Color: Light Pink,5.0,,US,Âê¶,Âê¶,https://www.amazon.com/gp/customer-reviews/R33K12BAIUEAM2/ref=cm_cr_getr_d_rvw_ttl?ie=UTF8&ASIN=B0DGQVFTL1
