关键词词组,关键词销量,Magnet IQ得分,搜索量,搜索量趋势,竞品数,CPR,Cluster
candle warmer lamp,2937,470780.0,470780.0,26.0,1000.0,597,9
candle warmer,2021,6548.0,196445.0,34.0,30000.0,271,3
candles,1823,4910.0,196407.0,-2.0,40000.0,265,0
home decor,1722,1975.0,197461.0,-24.0,100000.0,265,2
candle lighter,1637,32060.0,64120.0,3.0,2000.0,108,0
wax melt warmer,1555,17247.0,51741.0,-8.0,3000.0,96,8
wax melts,1284,3653.0,73069.0,3.0,20000.0,122,8
room decor,1282,3236.0,323599.0,-13.0,100000.0,414,2
candle,1214,6682.0,133642.0,44.0,20000.0,197,0
house warming gifts new home,1195,4541.0,45413.0,49.0,10000.0,82,7
coffee warmer,1132,21301.0,21301.0,57.0,1000.0,57,3
wax warmer,981,21165.0,84661.0,-5.0,4000.0,135,8
lamp,969,6690.0,133791.0,-28.0,20000.0,199,5
candle holder,925,4539.0,45389.0,-26.0,10000.0,89,0
yankee candle,901,3809.0,15234.0,72.0,4000.0,43,0
mom gifts for christmas,870,214.0,21445.0,112.0,100000.0,50,1
yankee candles clearance,852,12495.0,24989.0,21.0,2000.0,54,0
candle lamp warmer,826,22423.0,22423.0,60.0,1000.0,55,9
mother in law gifts,824,1249.0,24972.0,159.0,20000.0,56,1
christmas gift for mom,804,170.0,16975.0,123.0,100000.0,44,1
wax warmer for scented wax,691,6338.0,19015.0,-14.0,3000.0,49,8
candle warmer lamp with timer,660,34901.0,34901.0,69.0,1000.0,75,6
lamps,633,2753.0,55052.0,-33.0,20000.0,98,5
new mom gifts,616,205.0,14328.0,76.0,70000.0,44,1
candle warmer lamp bulb,545,3321.0,6642.0,-1.0,2000.0,33,9
voluspa candle,532,66650.0,12197.0,44.0,183.0,39,0
birthday gifts for women,480,664.0,132890.0,-23.0,200000.0,190,4
bedroom decor,468,846.0,84642.0,-13.0,100000.0,126,2
gifts for mother in law,460,776.0,15528.0,103.0,20000.0,44,1
wax melter,452,7771.0,15541.0,-8.0,2000.0,53,8
candle lamp,452,27730.0,27730.0,74.0,1000.0,64,0
candle warmer plate,444,10127.0,10127.0,28.0,1000.0,40,3
lamp candle warmer,436,16484.0,16484.0,42.0,1000.0,44,9
office decor,424,369.0,36887.0,-1.0,100000.0,71,2
mom christmas gifts,408,488.0,48764.0,80.0,100000.0,83,1
black candles,407,1336.0,9354.0,-5.0,7000.0,39,0
gold candle holders,399,3859.0,11576.0,-39.0,3000.0,39,0
cute gifts for women,395,122.0,12205.0,114.0,100000.0,39,4
heat lamp,391,304.0,12175.0,-37.0,40000.0,49,9
presents for mom,388,93.0,9274.0,101.0,100000.0,36,1
christmas gift for women,373,78.0,7783.0,105.0,100000.0,33,4
volcano candle,372,36005.0,7309.0,73.0,203.0,35,0
regalos para mujer,319,1088.0,32628.0,112.0,30000.0,64,2
boho decor,315,410.0,36864.0,15.0,90000.0,69,2
home gifts,311,51.0,10122.0,140.0,200000.0,36,7
living room decor,305,571.0,57090.0,-15.0,100000.0,93,2
birthday gifts for mom,286,93.0,9290.0,-30.0,100000.0,37,1
room decor aesthetic,283,462.0,46180.0,-32.0,100000.0,81,2
gift for women,277,175.0,34903.0,76.0,200000.0,66,4
gifts for new mom,269,73.0,5138.0,50.0,70000.0,31,1
new mom gifts for women,263,145.0,5818.0,58.0,40000.0,33,1
mom birthday gifts,261,80.0,7994.0,-32.0,100000.0,35,1
farmhouse decor,245,462.0,46248.0,3.0,100000.0,82,2
tiktok trend items,233,23543.0,15232.0,9.0,647.0,43,7
christmas presents for mom,233,47.0,4240.0,56.0,90000.0,30,1
candle wax warmer,228,665.0,6645.0,1.0,10000.0,35,8
home decor living room,219,326.0,32623.0,5.0,100000.0,63,2
for mom christmas gifts,218,37.0,3725.0,164.0,100000.0,29,1
best housewarming gifts 2024,217,2037.0,12221.0,1.0,6000.0,39,7
candle warmer with timer,215,5813.0,5813.0,59.0,1000.0,32,6
mother christmas gifts,206,39.0,3924.0,124.0,100000.0,29,1
christmas presents for women,199,42.0,4240.0,23.0,100000.0,29,4
candle warmers,197,1661.0,6642.0,19.0,4000.0,33,3
home decor gifts for women,196,58.0,5815.0,141.0,100000.0,31,4
house decor,190,224.0,22407.0,-7.0,100000.0,51,2
house warming gifts,174,156.0,7786.0,53.0,50000.0,38,7
candle lamp warmer with timer,173,3924.0,3924.0,58.0,1000.0,31,6
gift for mother in law,161,211.0,4228.0,143.0,20000.0,29,1
wax burner,158,3925.0,3925.0,-1.0,1000.0,32,8
candle warming lamp,155,3925.0,3925.0,50.0,1000.0,29,9
flower lamp,144,3874.0,15496.0,-11.0,4000.0,45,5
house gifts,143,47.0,4666.0,95.0,100000.0,30,7
electric candle warmer,132,1959.0,3917.0,36.0,2000.0,31,3
vintage decor,126,214.0,21426.0,20.0,100000.0,51,2
gift for new mom,126,38.0,2693.0,64.0,70000.0,28,1
home decor gifts,122,39.0,3922.0,101.0,100000.0,29,7
la jolie muse candle,121,29097.0,3288.0,8.0,113.0,28,0
y,120,240.0,14372.0,-42.0,60000.0,41,2
gifts for mom christmas,119,27.0,2693.0,49.0,100000.0,28,1
candle warmer light bulbs,119,828.0,1655.0,-9.0,2000.0,27,9
candle warmer bulb,116,824.0,1648.0,-3.0,2000.0,27,9
wax warmers for wax melts,114,1241.0,3724.0,4.0,3000.0,29,8
gifts for home,111,19.0,3724.0,126.0,200000.0,29,7
cute lamp,98,812.0,7309.0,-5.0,9000.0,34,5
black candle warmer lamp,97,3701.0,2698.0,82.0,729.0,28,9
candle accessories,97,623.0,3117.0,57.0,5000.0,29,0
sweet grace,96,8577.0,4666.0,9.0,544.0,34,2
christmas gifts for friends,94,14.0,2794.0,29.0,200000.0,28,7
candle light warmer,94,2693.0,2693.0,62.0,1000.0,28,3
wax warmers,91,1241.0,3724.0,-14.0,3000.0,30,8
christmas present for mom,90,41.0,1656.0,59.0,40000.0,26,1
tyler candle company diva,90,7949.0,3919.0,23.0,493.0,29,0
practical gifts for women,88,33.0,2989.0,59.0,90000.0,28,4
popular gifts for women 2024,87,67.0,3348.0,100.0,50000.0,28,4
apartment decor,87,254.0,15215.0,-11.0,60000.0,42,2
candle gifts for women,87,166.0,1661.0,113.0,10000.0,27,4
birthday gift for women,86,14.0,2701.0,-34.0,200000.0,27,4
house gifts for home,85,22.0,2197.0,137.0,100000.0,27,7
christmas presents,85,37.0,3728.0,-33.0,100000.0,30,7
candle lamps,84,3725.0,3725.0,37.0,1000.0,29,0
adjustable candle warmer lamp,83,2309.0,2194.0,55.0,950.0,27,9
candle light,83,621.0,3724.0,1.0,6000.0,29,0
warmer,83,16.0,3127.0,14.0,200000.0,37,3
home,80,341.0,102164.0,-13.0,300000.0,154,2
decor,80,244.0,48712.0,2.0,200000.0,93,2
flower candle warmer lamp,79,6806.0,3920.0,1.0,576.0,32,9
mothers christmas gifts,79,22.0,2197.0,103.0,100000.0,27,1
mother gifts for christmas,79,19.0,1940.0,78.0,100000.0,27,1
house warming gift,78,56.0,2791.0,24.0,50000.0,28,7
last minute christmas gifts for mom,77,220.0,2196.0,1345.0,10000.0,27,1
mom christmas gift,77,17.0,1652.0,42.0,100000.0,26,1
electric wax melt warmer,77,2426.0,2426.0,-6.0,1000.0,29,8
lamp warmer,75,2700.0,2700.0,62.0,1000.0,31,9
new mom christmas gifts,72,31.0,1245.0,167.0,40000.0,26,1
new mom gift,72,24.0,1661.0,21.0,70000.0,27,1
light candle warmer lamp,71,2066.0,2066.0,24.0,1000.0,27,9
regalos para mujer navidad,71,372.0,3724.0,313.0,10000.0,29,2
gifts for mother in law christmas,70,105.0,2093.0,129.0,20000.0,27,1
gold lamp,70,3087.0,9260.0,-7.0,3000.0,36,5
diptyque,70,15852.0,7308.0,16.0,461.0,47,2
candle watmer,65,68.0,2026.0,33.0,30000.0,27,0
housewarming gifts for women,65,42.0,2093.0,-6.0,50000.0,27,4
vintage,65,134.0,13447.0,6.0,100000.0,54,2
light bulb for candle warmer lamp,64,496.0,992.0,26.0,2000.0,12,9
house warming gifts new home women,64,413.0,2063.0,-17.0,5000.0,27,7
new home gifts,64,17.0,1663.0,49.0,100000.0,28,7
shelf decor aesthetic,63,245.0,4906.0,-9.0,20000.0,31,2
large candle warmer,63,413.0,2063.0,32.0,5000.0,29,3
candel warmer,62,69.0,2061.0,21.0,30000.0,27,3
candle lamp bulbs,62,765.0,765.0,8.0,1000.0,11,9
candle melter,60,1494.0,2988.0,11.0,2000.0,29,0
dark academia decor,59,5070.0,10140.0,8.0,2000.0,39,2
wax burner for scented wax,59,1660.0,1660.0,-3.0,1000.0,27,8
moms christmas gifts,59,14.0,1434.0,71.0,100000.0,26,1
christmas gifts for friends women,59,17.0,1650.0,47.0,100000.0,26,4
candle warmer light,57,2196.0,2196.0,38.0,1000.0,27,9
mom presents,57,17.0,1655.0,27.0,100000.0,27,1
candle warmer lamp black,56,4298.0,3116.0,58.0,725.0,29,9
christmas gifts for women friends,56,16.0,1596.0,46.0,100000.0,26,4
gifts for the home,56,7.0,1456.0,90.0,200000.0,26,7
candle warming lamp for jar candles,55,1751.0,1653.0,52.0,944.0,26,9
candle warmer lamps,54,1660.0,1660.0,-19.0,1000.0,26,9
cool gifts for a new mom,53,414.0,3724.0,59.0,9000.0,29,1
lamp candle warmer for jar candles,53,3125.0,3125.0,43.0,1000.0,29,9
wax warmer lamp,53,2199.0,2199.0,21.0,1000.0,28,8
new job gifts for women,53,69.0,1384.0,12.0,20000.0,27,4
candle warmer lamps with timer,51,1655.0,1655.0,58.0,1000.0,26,6
candle warmer lamp white,51,2076.0,1594.0,18.0,768.0,26,9
marycele candle warmer lamp,49,4159.0,2196.0,10.0,528.0,27,9
home decor aesthetic,49,73.0,7309.0,-18.0,100000.0,34,2
candle warmers lamp,49,1871.0,1871.0,21.0,1000.0,26,9
black decor,49,42.0,4236.0,-11.0,100000.0,30,2
dimmable candle warmer lamp,48,1594.0,1594.0,41.0,1000.0,29,9
gifts for women christmas,48,17.0,1653.0,60.0,100000.0,26,4
vintage gifts,48,27.0,2704.0,82.0,100000.0,27,7
wax warmer with timer,47,4044.0,1650.0,-9.0,408.0,27,6
antique decor,47,83.0,6645.0,21.0,80000.0,32,2
candle warmer with timer and auto shut off,46,1740.0,1232.0,34.0,708.0,26,6
cottagecore decor,46,1943.0,7772.0,-7.0,4000.0,36,2
gifts for mom for christmas,46,12.0,1242.0,31.0,100000.0,26,1
marble base candle warmer lamp,45,4183.0,2196.0,54.0,525.0,27,9
christmas gift women,45,11.0,1093.0,45.0,100000.0,26,4
electric candle warmer lamp,45,1428.0,1428.0,21.0,1000.0,27,9
house warming,45,24.0,1456.0,23.0,60000.0,36,2
candle warmee,43,46.0,1384.0,41.0,30000.0,26,3
blue candle,43,330.0,1648.0,6.0,5000.0,28,0
electric wax warmer,43,1596.0,1596.0,4.0,1000.0,27,8
christmas gift for woman,43,8.0,821.0,71.0,100000.0,11,4
home gift,43,7.0,1432.0,79.0,200000.0,26,7
candle warmers for jar candles,42,1455.0,1455.0,30.0,1000.0,26,3
farmhouse candle warmer lamp,41,3299.0,1940.0,37.0,588.0,27,9
gift for mom christmas,41,12.0,1160.0,53.0,100000.0,26,1
birthday gift for mom,41,22.0,2199.0,-27.0,100000.0,27,1
most popular gifts for women 2024,40,292.0,1458.0,194.0,5000.0,26,4
candle warmer lamp flower,40,3960.0,2194.0,13.0,554.0,27,9
christmas mom gifts,40,8.0,821.0,73.0,100000.0,11,1
cute gifts for mom,40,11.0,1053.0,67.0,100000.0,25,1
wax melter warmer,40,1234.0,1234.0,10.0,1000.0,26,8
candle warmer lamp timer,39,1164.0,1164.0,87.0,1000.0,26,6
candle warmer wax melts,39,616.0,1232.0,-30.0,2000.0,26,8
christmas gifts mom,39,8.0,764.0,41.0,100000.0,11,1
candle carousel,38,7664.0,3288.0,12.0,429.0,29,0
nice gifts for women,38,8.0,1648.0,103.0,200000.0,26,4
lampara para velas aromaticas,37,7991.0,2693.0,35.0,337.0,27,5
white candle warmer lamp,37,1232.0,1232.0,49.0,1000.0,27,9
wax melt warmer with timer,37,2232.0,1384.0,-4.0,620.0,30,8
mom presents for christmas,37,17.0,698.0,65.0,40000.0,10,1
vintage lamp,37,525.0,10509.0,-11.0,20000.0,38,5
candle burner,37,715.0,1429.0,18.0,2000.0,26,0
home gifts for women,37,17.0,1656.0,112.0,100000.0,26,4
house gifts for women,37,12.0,1232.0,103.0,100000.0,26,4
gifts for a mom,37,11.0,1053.0,37.0,100000.0,25,1
candle warmer black,36,1218.0,1218.0,38.0,1000.0,26,3
godonlif candle warmer lamp,35,1923.0,1050.0,-9.0,546.0,25,9
black candle warmer,35,1232.0,1232.0,16.0,1000.0,27,3
scentsy warmer,35,2199.0,2199.0,-21.0,1000.0,27,3
a candle warmer lamp,34,3125.0,3125.0,37.0,1000.0,28,9
candle warmer lamp 2 pack,34,1428.0,1428.0,56.0,1000.0,26,9
christmas gift mom,34,11.0,1093.0,117.0,100000.0,26,1
bedroom decor aesthetic,34,78.0,7778.0,-20.0,100000.0,33,2
aromatica,34,6451.0,2058.0,-27.0,319.0,38,5
candle maker,34,3271.0,1884.0,14.0,576.0,28,0
electric wax melt warmers,33,411.0,821.0,92.0,2000.0,11,8
black home decor,33,28.0,2791.0,7.0,100000.0,28,2
gifts for mom birthday,33,14.0,1429.0,-60.0,100000.0,27,1
top gifts,33,14.0,1384.0,77.0,100000.0,26,7
christmas for mom gifts,32,6.0,581.0,88.0,100000.0,9,1
ladies christmas gifts,32,6.0,644.0,53.0,100000.0,10,4
large candle warmer lamp for 3 wick candles,31,1948.0,1165.0,46.0,598.0,26,9
lamp for candle warmer,31,1242.0,1242.0,53.0,1000.0,26,9
perfect housewarming gifts,31,3412.0,1450.0,19.0,425.0,26,7
scented wax melt warmer,31,274.0,821.0,-12.0,3000.0,11,8
kitchen lamp,31,74.0,4429.0,-25.0,60000.0,30,5
candle melt warmer,31,277.0,1384.0,8.0,5000.0,26,3
wax candle warmer,31,311.0,1245.0,0.0,4000.0,26,8
christmas wax warmer,30,359.0,1434.0,-75.0,4000.0,34,8
moms gifts,30,11.0,1052.0,76.0,100000.0,25,1
"candle warmer lamp with timer, adjustable height candle warmer, dimmable, home decor, wax warmer lam",29,480.0,265.0,-28.0,552.0,8,6
bulb for candle warmer lamp,29,219.0,437.0,-6.0,2000.0,8,9
geezo fragrance candle warmer lamp,29,1347.0,698.0,-3.0,518.0,10,9
top family gifts,29,19.0,1872.0,135.0,100000.0,26,7
mothers gifts for christmas,29,8.0,821.0,62.0,100000.0,11,1
working woman gifts,29,6.0,247.0,48.0,40000.0,8,4
3 wick candle warmer,29,1776.0,1092.0,46.0,615.0,26,3
office must haves,29,31.0,2194.0,4.0,70000.0,27,2
gold room decor,29,91.0,7306.0,-5.0,80000.0,33,2
candle warmer lamp replacement bulbs,28,1053.0,436.0,1.0,414.0,8,9
gifts for mom' christmas,28,8.0,821.0,57.0,100000.0,11,1
candle lamps warmer,28,1050.0,1050.0,61.0,1000.0,25,9
candle warmwr,28,55.0,1660.0,36.0,30000.0,26,3
candle heat lamp,28,1284.0,1162.0,25.0,905.0,26,9
lamp candle,28,1232.0,1232.0,47.0,1000.0,26,0
candle heater,28,275.0,1650.0,-3.0,6000.0,27,0
lantern candle warmer,28,1865.0,1434.0,26.0,769.0,26,3
presents,28,18.0,1756.0,-3.0,100000.0,27,7
bulbs for candle warmer lamp,27,212.0,423.0,-8.0,2000.0,8,9
erumpere candle warmer lamp,27,541.0,289.0,36.0,534.0,8,9
candle light warmer lamp,27,1164.0,1164.0,50.0,1000.0,26,9
christmas gift for mother,27,6.0,581.0,85.0,100000.0,9,1
vintage gifts for women,27,16.0,1591.0,86.0,100000.0,26,4
gift for home,27,6.0,1234.0,158.0,200000.0,26,7
home office decor,27,30.0,2980.0,12.0,100000.0,28,2
mother birthday gifts,27,12.0,1159.0,-41.0,100000.0,26,1
christmas present,27,16.0,1648.0,32.0,100000.0,26,7
mom goft,26,6.0,580.0,108.0,100000.0,9,1
candle warmer lamp with timer dimmer adjustable height,25,396.0,280.0,-12.0,707.0,8,6
"candle warmer lamp, electric candle lamp warmer with timer, mom christmas birthday gifts for women, ",25,417.0,225.0,-11.0,540.0,8,3
a wax melt warmer,25,462.0,1386.0,14.0,3000.0,26,8
silver candle warmer lamp,25,1429.0,1232.0,29.0,862.0,26,9
victorian decor,25,572.0,5151.0,7.0,9000.0,31,2
vintage home decor,25,58.0,5810.0,15.0,100000.0,32,2
godonlif candle warmer lamp with timer,24,337.0,256.0,2.0,759.0,8,6
candle heat lamps,24,282.0,259.0,-8.0,917.0,8,9
dimmable candle warmer lamp with timer,24,262.0,253.0,11.0,966.0,8,6
candle warmer lamp adjustable,24,739.0,698.0,102.0,945.0,10,9
pink candle warmer lamp,24,2708.0,1384.0,39.0,511.0,27,9
candles & candleholders,24,194.0,1940.0,19.0,10000.0,27,0
candle burner lamp,24,1913.0,1232.0,35.0,644.0,26,9
heating lamp,24,176.0,1234.0,-28.0,7000.0,28,9
antique,24,31.0,3120.0,29.0,100000.0,39,2
loowoko christmas candle warmer lamp,23,2671.0,219.0,,82.0,8,9
mocalido candle warmer lamp,23,449.0,235.0,262.0,523.0,8,9
candle warmer lamp with timer and dimmer,23,716.0,581.0,40.0,811.0,9,6
lamp candle warmer with timer,23,644.0,644.0,65.0,1000.0,10,6
candle warmer lamp pink,23,1428.0,1232.0,18.0,863.0,26,9
mother-in-law gifts,23,53.0,1052.0,84.0,20000.0,26,1
xmas clearance,23,14.0,1434.0,193.0,100000.0,26,7
house decor for women,23,22.0,1092.0,-11.0,50000.0,26,2
cute decor,23,31.0,3128.0,-27.0,100000.0,28,2
christmas home decor,23,14.0,1444.0,-68.0,100000.0,26,2
mom gifts christmas,23,6.0,591.0,100.0,100000.0,9,1
white candle warmer,23,129.0,644.0,25.0,5000.0,10,3
gift mom,23,7.0,698.0,79.0,100000.0,10,1
scented candles for candle warmer lamps,22,482.0,482.0,19.0,1000.0,9,3
tigqiang candle warmer lamp,22,503.0,262.0,26.0,521.0,8,9
modern candle warmer lamp,22,1451.0,1232.0,80.0,849.0,27,9
candle warmer lamp silver,22,2574.0,1431.0,16.0,556.0,26,9
candle warmer lamp for 3 wick candles,22,1095.0,644.0,24.0,588.0,10,9
gifts for a new mom,22,8.0,581.0,54.0,70000.0,9,1
last minute gift,22,41.0,1215.0,3000.0,30000.0,26,7
gold candle warmer,22,1262.0,820.0,43.0,650.0,11,3
black wax warmer,22,410.0,820.0,7.0,2000.0,11,8
wax melt warmer electric,22,2064.0,2064.0,4.0,1000.0,27,8
moms gift,22,6.0,644.0,115.0,100000.0,10,1
mom birthday gift,22,6.0,644.0,-30.0,100000.0,10,1
candle warmer lamp with,21,243.0,2426.0,7.0,10000.0,38,9
gold candle warmer lamp,21,1915.0,1218.0,52.0,636.0,27,9
gifts for christmas for women,21,5.0,517.0,34.0,100000.0,9,4
cute christmas gifts,21,12.0,1232.0,7.0,100000.0,26,7
new job gift,21,9.0,280.0,8.0,30000.0,8,7
candle warmer lamp gold,20,1814.0,1159.0,18.0,639.0,26,9
vintage candle warmer lamp,20,1789.0,1245.0,47.0,696.0,26,9
gift for christmas for women,20,3.0,644.0,112.0,200000.0,10,4
warming candle lamp,20,762.0,762.0,39.0,1000.0,11,9
new home gifts for women,20,5.0,437.0,-16.0,80000.0,8,4
great gifts for mom,20,5.0,484.0,103.0,100000.0,9,1
briever dimmable candle warmer lamp with timer,19,1120.0,580.0,40.0,518.0,9,6
coquette gifts,19,182.0,1092.0,32.0,6000.0,26,7
homeworx candles,19,8629.0,1234.0,12.0,143.0,26,0
christmas office gifts,19,3.0,253.0,4.0,100000.0,8,7
candle warmer white,19,644.0,644.0,27.0,1000.0,10,3
candle warmer candles,19,58.0,581.0,46.0,10000.0,9,3
yankee candle warmer,19,698.0,698.0,53.0,1000.0,10,3
birthday presents for mom,19,5.0,517.0,-31.0,100000.0,9,1
geezo fragrance candle warmer lamp，electric candle warmer with timer & dimmer，mom christmas birthday,18,448.0,225.0,-11.0,502.0,8,0
lightbulb for candle warmer lamp,18,172.0,344.0,-7.0,2000.0,8,9
candle warmer lamp white and gold,18,514.0,271.0,12.0,527.0,8,9
candle warmer lamp green,18,1197.0,821.0,19.0,686.0,11,9
glass candle warmer lamp,18,945.0,762.0,60.0,806.0,11,9
candle melting lamp,18,698.0,698.0,1.0,1000.0,10,9
kitchen counter lamp,18,439.0,2197.0,-15.0,5000.0,27,5
gifts for new home,18,6.0,644.0,70.0,100000.0,10,7
gold home decor,18,22.0,2199.0,5.0,100000.0,28,2
seenlast candle warmer lamp with timer dimmer adjustable,17,435.0,235.0,-16.0,540.0,8,6
dimmable flower candle warmer lamp,17,1358.0,762.0,-4.0,561.0,11,9
candle warmer￼,17,35.0,698.0,50.0,20000.0,10,0
candle lamp light bulb,17,98.0,392.0,-4.0,4000.0,8,9
candle warmer lamp glass shade,17,384.0,238.0,539.0,620.0,8,9
white candle warmer lamp with timer,17,325.0,232.0,127.0,714.0,8,6
sokcvsea candle warmer lamp,17,542.0,280.0,-87.0,517.0,8,9
rustic candle warmer lamp,17,1354.0,823.0,57.0,608.0,11,9
candle warmer lamp with remote,17,3411.0,764.0,-2.0,224.0,11,9
candke warmer,17,19.0,567.0,41.0,30000.0,9,3
silicone light bulbs for candle lamps,17,1900.0,416.0,-28.0,219.0,8,9
gifts for mom friends,17,3.0,250.0,28.0,100000.0,8,1
lamp wax warmer,17,698.0,698.0,20.0,1000.0,10,8
cute home decor,17,17.0,1660.0,-1.0,100000.0,26,2
eclectic home decor,17,423.0,4232.0,9.0,10000.0,30,2
gifts for women for christmas,17,6.0,581.0,41.0,100000.0,9,4
candle melter lamp,17,1502.0,1212.0,25.0,807.0,26,9
candle wax warmer electric,17,259.0,517.0,2.0,2000.0,9,8
warm and cozy gifts for women,17,11.0,429.0,79.0,40000.0,8,4
mocosa candle warmer lamp,16,470.0,247.0,,525.0,8,9
candle warmer lamp with timer adjustable height,16,362.0,289.0,,799.0,8,6
candle warmer lamp with timer: electric candles wax warmers glass lamps for jar candles burner adjus,16,432.0,241.0,-18.0,558.0,8,6
dimmable flower candle warmer lamp with timer,16,411.0,222.0,-7.0,540.0,8,6
candle for candle warmer lamp,16,424.0,424.0,47.0,1000.0,8,9
3 wick candle warmer lamp,16,861.0,516.0,52.0,599.0,9,9
seenlast candle warmer lamp,16,1084.0,581.0,38.0,536.0,9,9
christmas gifts for new moms,16,10.0,413.0,71.0,40000.0,8,1
candlewarmer,16,14.0,421.0,12.0,30000.0,8,0
desklamp,16,58.0,580.0,-9.0,10000.0,9,5
wax melt warmers,16,254.0,762.0,-13.0,3000.0,11,8
christmas present for women,16,4.0,389.0,68.0,100000.0,8,4
aesthetic lamp,16,495.0,2972.0,-22.0,6000.0,28,5
candle wax melt warmer,16,116.0,581.0,2.0,5000.0,9,8
scented wax warmer,16,255.0,764.0,-6.0,3000.0,11,8
mom gifts birthday,16,6.0,644.0,-61.0,100000.0,10,1
gifts for women birthday,16,4.0,436.0,-24.0,100000.0,8,4
nawaza candle warmer lamp,15,525.0,277.0,,528.0,8,9
aifei candle warmer lamp with timer,15,3652.0,241.0,-7.0,66.0,8,6
imenlox dimmable candle warmer lamp,15,489.0,253.0,-27.0,517.0,8,9
candles for candle warmer lamp,15,436.0,436.0,47.0,1000.0,8,9
wanidea flameless candles lamp,15,4806.0,644.0,15.0,134.0,10,0
candle warmer lamp bulbs,15,191.0,381.0,-18.0,2000.0,8,9
maoyue candle warmer lamp,15,452.0,238.0,74.0,526.0,8,9
dimmable candle warmer,15,290.0,289.0,28.0,998.0,8,3
candles warmer lamp,15,698.0,698.0,34.0,1000.0,10,9
gifts for woman christmas,15,4.0,405.0,52.0,100000.0,8,4
heat lamp for candles,15,852.0,764.0,42.0,897.0,11,9
light candle warmer,15,437.0,437.0,25.0,1000.0,8,3
gifts for hosts,15,58.0,581.0,96.0,10000.0,9,7
candle warmer lantern,15,1592.0,1592.0,25.0,1000.0,30,3
present for women,15,4.0,436.0,71.0,100000.0,8,4
birthday gifts women,15,5.0,516.0,-32.0,100000.0,9,4
"replacement light bulbs for electric candle lamps, window candles",14,940.0,283.0,-47.0,301.0,8,0
yuichoy candle warmer lamp with timer,14,3738.0,1940.0,20.0,519.0,27,6
candlewarmer lamp,14,743.0,424.0,-3.0,571.0,8,9
candle warner lamp,14,271.0,271.0,109.0,1000.0,8,0
candle lanp,14,247.0,247.0,54.0,1000.0,8,0
candle watmer lamp,14,426.0,426.0,17.0,1000.0,8,0
zukakii candle warmer lamp,14,500.0,265.0,54.0,530.0,8,9
christmas decor gifts for women,14,2.0,241.0,14.0,100000.0,8,4
good christmas gifts for moms,14,15.0,1053.0,5.0,70000.0,25,1
new apartment gift,14,23.0,225.0,85.0,10000.0,8,7
candle melt,14,116.0,580.0,23.0,5000.0,9,0
gifts for women in their 60's,14,1316.0,762.0,32.0,579.0,11,4
warm and cozy gifts,14,2.0,228.0,168.0,100000.0,8,7
glass candle warmer,14,415.0,415.0,12.0,1000.0,8,3
everlasting candle,14,13448.0,3120.0,25.0,232.0,28,0
christmas ideas for mom,14,9.0,426.0,6.0,50000.0,8,1
interesting finds,14,374.0,1872.0,15.0,5000.0,26,2
fragrance lamp,14,693.0,1386.0,72.0,2000.0,27,5
art deco decor,14,31.0,2196.0,-6.0,70000.0,27,2
candle lamp warmer gold,13,219.0,219.0,,1000.0,8,9
candle warmer lamp godonlif,13,528.0,283.0,-6.0,536.0,8,9
candle warmer lamp color changing,13,454.0,280.0,-5.0,617.0,8,9
candle warmer lamp teen girl,13,463.0,232.0,-24.0,501.0,8,9
candle warmer lamp men,13,715.0,396.0,-12.0,554.0,8,9
"candle warmer lamp with timer dimmer adjustable height,mothers day gifts,electric wax warmer vintage",13,512.0,277.0,-25.0,541.0,8,6
toacsucp candle warmer lamp,13,803.0,416.0,1.0,518.0,8,9
women's home decor gifts,13,3.0,268.0,0.0,100000.0,8,4
mikasa candle warmer lamp,13,1410.0,764.0,43.0,542.0,11,9
engpure candle warmer lamp,13,779.0,408.0,24.0,524.0,8,9
funistree candle warmer lamp,13,7262.0,1053.0,28.0,145.0,25,9
nvrgiup candle warmer lamp,13,495.0,262.0,14.0,529.0,8,9
candle warmer lamp blue,13,839.0,439.0,26.0,523.0,8,9
candle heating lamp,13,728.0,516.0,10.0,709.0,9,9
cute christmas gifts for women,13,5.0,517.0,49.0,100000.0,9,4
presents for moms,13,7.0,439.0,18.0,60000.0,8,1
wax melters,13,383.0,765.0,-18.0,2000.0,11,8
candle cover,13,117.0,820.0,-5.0,7000.0,11,0
electric wax warmer for scented wax,13,439.0,439.0,-22.0,1000.0,8,8
vintage lamps,13,366.0,2194.0,-16.0,6000.0,27,5
side table decor,13,28.0,1386.0,0.0,50000.0,26,2
candle warmer timer,13,428.0,428.0,28.0,1000.0,8,6
candle warmer gold,13,834.0,517.0,23.0,620.0,9,3
working from home gifts,13,20.0,405.0,69.0,20000.0,8,7
wax warmer candle,13,175.0,698.0,-12.0,4000.0,10,8
fragrance warmer,13,161.0,644.0,-5.0,4000.0,10,3
vintage kitchen decor,13,24.0,2426.0,0.0,100000.0,27,2
candle warmer lamp hummingbird,12,413.0,228.0,,552.0,8,9
banbanda candle warmer lamp,12,3253.0,283.0,,87.0,8,9
candle warmer lamp led color changing,12,563.0,228.0,-3.0,405.0,8,9
candle warmer large base,12,110.0,219.0,-15.0,2000.0,8,3
women's practical gifts,12,3.0,228.0,-5.0,90000.0,8,4
soilsiu candle warmer lamp,12,397.0,213.0,-30.0,536.0,8,9
amazon candle warmers,12,1899.0,1052.0,40.0,554.0,25,3
fonton candle,12,906.0,280.0,13.0,309.0,8,0
crystal candle warmer lamp,12,1342.0,762.0,27.0,568.0,11,9
candle warmer with remote,12,854.0,421.0,11.0,493.0,8,3
candle warmer lamp for jar candles,12,222.0,222.0,114.0,1000.0,8,9
mother's christmas gifts,12,4.0,380.0,102.0,100000.0,8,1
house warming gifts new home family,12,70.0,418.0,30.0,6000.0,8,7
7 watt candle bulbs for window candle lamps,12,994.0,351.0,20.0,353.0,8,0
candle warmer for 3 wick candles,12,721.0,644.0,46.0,893.0,10,3
christmas gift for moms,12,4.0,420.0,24.0,100000.0,8,1
candle earmer,12,13.0,404.0,9.0,30000.0,8,0
black candle lamp,12,368.0,232.0,25.0,630.0,8,0
candle warm lamp,12,274.0,274.0,75.0,1000.0,8,9
candles warmers,12,61.0,244.0,,4000.0,8,3
gifts for the hostess,12,58.0,1164.0,24.0,20000.0,26,7
nice gifts,12,2.0,429.0,57.0,200000.0,8,7
heated candle lamp,12,415.0,380.0,171.0,916.0,8,9
hummingbird candle warmer,12,484.0,286.0,,591.0,8,3
flower candle warmer,12,2889.0,1384.0,0.0,479.0,28,3
classy gifts for women,12,8.0,482.0,88.0,60000.0,9,4
home gifts for mom,12,3.0,283.0,145.0,100000.0,8,1
"briever dimmable candle warmer lamp with timer, height adjustable electric candle wax warmer for jar",11,551.0,286.0,,519.0,8,6
yohonk candle lamp warmer,11,1109.0,581.0,,524.0,9,9
skjrvrh candle warmer lamp,11,536.0,280.0,,522.0,8,9
candle lamp￼,11,466.0,247.0,-7.0,530.0,8,0
candle warmer lamp with candle included,11,238.0,238.0,-9.0,1000.0,8,9
electric candle warmer lamp with timer,11,283.0,277.0,-33.0,978.0,8,6
50 christmas gifts for women,11,13.0,396.0,46.0,30000.0,8,4
light for candle warmer lamp,11,428.0,428.0,13.0,1000.0,8,9
tulip candle warmer lamp,11,542.0,283.0,37.0,522.0,8,9
candle warmer lamp light bulb replacement,11,505.0,412.0,46.0,816.0,8,9
candle warmer lamp christmas,11,281.0,256.0,-18.0,911.0,8,9
hong in candle warmer lamp,11,1610.0,235.0,21.0,146.0,8,9
cupcakes and cashmere candle warmer,11,8522.0,1159.0,68.0,136.0,26,3
light bulbs for candle warmer lamps,11,164.0,327.0,-27.0,2000.0,8,9
warm candle lamp,11,407.0,407.0,6.0,1000.0,8,9
flower lamp candle warmer,11,1229.0,698.0,36.0,568.0,10,9
house warming gifts new apartment,11,291.0,581.0,21.0,2000.0,9,7
decor gifts for women,11,2.0,247.0,733.0,100000.0,8,4
house decor gifts for women,11,10.0,405.0,36.0,40000.0,8,4
candel warmers,11,58.0,232.0,153.0,4000.0,8,3
mother in law gofts,11,10.0,286.0,59.0,30000.0,8,1
candle wax melter warmer,11,116.0,232.0,848.0,2000.0,8,8
mushroom candle warmer,11,335.0,213.0,-8.0,636.0,8,3
hummingbird wax warmer,11,1028.0,370.0,26.0,360.0,8,8
candle lamp with timer,11,407.0,407.0,32.0,1000.0,8,6
candle heater lamp,11,566.0,517.0,16.0,914.0,9,9
warm candle,11,12.0,232.0,85.0,20000.0,8,3
christmas house warming gifts,11,8.0,250.0,118.0,30000.0,8,7
warming candles,11,43.0,216.0,7.0,5000.0,8,3
candle burners,11,121.0,241.0,23.0,2000.0,8,0
candles warmer,11,129.0,644.0,25.0,5000.0,10,3
candle warmer men,11,136.0,271.0,95.0,2000.0,8,3
wax warmer for candles,11,42.0,424.0,1.0,10000.0,8,8
hummingbird lamp,11,794.0,516.0,8.0,650.0,9,5
lotus lamp,11,2256.0,1940.0,-15.0,860.0,28,5
large candle warmer plate,11,404.0,404.0,4.0,1000.0,8,3
extra large candles,11,9.0,644.0,5.0,70000.0,10,0
wax warmer electric,11,424.0,424.0,-10.0,1000.0,8,8
yankee candle topper,11,2409.0,412.0,10.0,171.0,8,0
mom lamp gift,10,11.0,228.0,,20000.0,8,5
butterfly candle warmer lamp,10,543.0,394.0,,725.0,8,9
seen last candle warmer lamp,10,576.0,301.0,-1.0,523.0,8,9
candle warmer lamp dimmable timer,10,246.0,238.0,2.0,966.0,8,6
"dimmable flower candle warmer lamp with timer, vintage candle lamp warmer for jar candle, 2024 women",10,530.0,268.0,4.0,506.0,8,6
yuichoy candle warmer lamp,10,1464.0,764.0,8.0,522.0,11,9
candle warmer lamp lightbulb,10,182.0,364.0,1.0,2000.0,8,9
candle warmer lamp silver finish,10,841.0,439.0,-5.0,522.0,8,9
candle warmer lamp for large candles,10,436.0,436.0,13.0,1000.0,8,9
candle lamps with timer,10,277.0,277.0,113.0,1000.0,8,6
calentador de velas aromáticas electrico,10,966.0,762.0,129.0,789.0,11,5
candle warmer 3 wick,10,485.0,394.0,61.0,813.0,8,3
candle warmer lamo,10,394.0,394.0,18.0,1000.0,8,3
candle warmer lamp modern,10,657.0,567.0,15.0,863.0,9,9
candle warmer flower,10,2095.0,727.0,12.0,347.0,10,3
candle+warmer,10,54.0,268.0,135.0,5000.0,8,3
novamer candle warmer lamp,10,429.0,228.0,31.0,531.0,8,9
cozyberry candle warmer lamp,10,1090.0,581.0,21.0,533.0,9,9
candle wrmer,10,13.0,402.0,13.0,30000.0,8,0
candle warmer for large candles,10,24.0,484.0,4.0,20000.0,9,3
chrismas gift for mom,10,3.0,259.0,37.0,100000.0,8,1
candle wax warmers,10,25.0,253.0,9.0,10000.0,8,8
gift for women christmas,10,2.0,421.0,22.0,200000.0,8,4
wooden decor,10,12.0,1234.0,5.0,100000.0,26,2
small candle warmer,10,140.0,698.0,11.0,5000.0,10,3
antique gifts for women,10,26.0,517.0,102.0,20000.0,9,4
candle mug warmer,10,389.0,389.0,56.0,1000.0,8,3
hummingbird candle,10,1985.0,399.0,63.0,201.0,8,0
small counter lamp,10,480.0,437.0,-14.0,911.0,8,5
melt wax warmer,10,85.0,256.0,-8.0,3000.0,8,8
bed lamps,10,215.0,644.0,-9.0,3000.0,10,5
jar candle holder,10,215.0,645.0,5.0,3000.0,10,0
birthday gift for woman,10,4.0,392.0,-29.0,100000.0,8,4
candle warmer lamp skjrvrh,9,480.0,256.0,,533.0,8,9
candle warmer lamp auto shut off,9,364.0,274.0,,753.0,8,9
candle warmer under 25,9,364.0,228.0,,626.0,8,3
sunflower candle warmer lamp,9,342.0,216.0,,631.0,8,9
candle warmet,9,8.0,232.0,,30000.0,8,3
candle warmer lamp amber glass,9,315.0,216.0,,685.0,8,9
adjustable candle lamp,9,255.0,241.0,,945.0,8,9
dragonfly candle warmer lamp,9,517.0,349.0,19.0,675.0,8,9
ulg 2 pack candle warmer lamp with dimmer,9,522.0,265.0,-10.0,508.0,8,9
candle warmer lamp for men,9,705.0,408.0,25.0,579.0,8,9
coquette gifts for women,9,38.0,265.0,2.0,7000.0,8,4
counter lamps for kitchen,9,525.0,418.0,-31.0,796.0,8,5
candle warmer adjustable height,9,451.0,364.0,2.0,807.0,8,3
candle warmer lamp amber,9,557.0,311.0,36.0,558.0,8,9
candle warmer lam,9,268.0,268.0,1029.0,1000.0,8,3
gifts for mom useful,9,27.0,271.0,12.0,10000.0,8,1
viral gifts for women,9,396.0,396.0,79.0,1000.0,8,4
canfle warmer,9,9.0,259.0,21.0,30000.0,8,3
christmas candle warmer lamp,9,576.0,424.0,-33.0,736.0,8,9
candle warmer lamp battery operated,9,2201.0,1052.0,-2.0,478.0,25,9
candle burning lamp,9,506.0,408.0,11.0,807.0,8,0
wax warmwr,9,90.0,360.0,-3.0,4000.0,8,8
steelers lava lamp,9,1444.0,283.0,31.0,196.0,8,5
mama gifts for women,9,4.0,383.0,36.0,100000.0,8,1
wax melter lamp,9,437.0,437.0,3.0,1000.0,8,8
mothers christmas gift,9,3.0,314.0,109.0,100000.0,8,1
home decor gift,9,4.0,424.0,54.0,100000.0,8,7
christmas gifts for ladies,9,3.0,330.0,15.0,100000.0,8,4
unique candle warmer,9,253.0,253.0,33.0,1000.0,8,3
candle wamer,9,13.0,397.0,17.0,30000.0,8,0
candle lover gifts,9,65.0,259.0,65.0,4000.0,8,0
candle warmers with timers,9,289.0,289.0,3.0,1000.0,8,6
silver candle warmer,9,976.0,519.0,14.0,532.0,9,3
csndle warmer,9,9.0,265.0,138.0,30000.0,8,3
glass decor,9,12.0,1162.0,28.0,100000.0,26,2
cordless candle warmer,9,2426.0,2426.0,-4.0,1000.0,27,3
wickless candle warmer,9,276.0,256.0,22.0,928.0,8,3
cat candle warmer,9,461.0,359.0,4.0,779.0,8,3
funky home decor,9,72.0,1431.0,-4.0,20000.0,26,2
wax melt lamp,9,439.0,439.0,10.0,1000.0,8,8
lantern candle holder,9,322.0,644.0,-28.0,2000.0,10,0
top christmas gifts,9,16.0,1591.0,26.0,100000.0,26,7
birthday gift woman,9,2.0,341.0,-19.0,200000.0,8,4
house warming presents,9,25.0,247.0,240.0,10000.0,8,7
candler warmer,8,9.0,262.0,,30000.0,8,3
copinpin candle warmer lamp,8,1014.0,429.0,,423.0,8,9
candle warmer adjustable lamp,8,140.0,280.0,,2000.0,8,9
"better homes and gardens candle warmer lamp, black ribbed glass",8,542.0,274.0,,506.0,8,9
candle warmer lamp modern style,8,356.0,228.0,-4.0,641.0,8,9
lukasa candle warmer lamp,8,727.0,391.0,-19.0,538.0,8,9
"yuichoy candle warmer lamp with timer, dimmable electric candle wamer adjustable height, glass moder",8,3169.0,1648.0,52.0,520.0,26,6
heated lamp for candles,8,446.0,410.0,46.0,919.0,8,9
candle warmer lamp with remote control,8,598.0,335.0,119.0,560.0,8,9
black and gold candle warmer lamp,8,694.0,372.0,129.0,536.0,8,9
candle warmer lamp under 25,8,1888.0,253.0,186.0,134.0,8,9
candle warmer lamp with candle,8,424.0,424.0,117.0,1000.0,8,9
lampara calentador de velas,8,581.0,581.0,27.0,1000.0,9,5
gift ideas under $50,8,3.0,277.0,24.0,100000.0,8,7
lamp with candle warmer,8,421.0,421.0,6.0,1000.0,8,9
candle warmer lamp rustic,8,722.0,434.0,14.0,601.0,8,9
green candle warmer lamp,8,1904.0,1053.0,44.0,553.0,26,9
cordless candle warmer lamp,8,1816.0,1384.0,-1.0,762.0,26,9
ladies birthday gifts for women,8,4.0,418.0,-15.0,100000.0,8,4
cozyberry,8,6778.0,244.0,685.0,36.0,8,2
sokcvsea fragrance candle warmer lamp,8,528.0,280.0,-71.0,530.0,8,9
hestia candle warmer lamp,8,403.0,213.0,136.0,529.0,8,9
candle warmer lanp,8,335.0,335.0,30.0,1000.0,8,3
candle warmwe,8,15.0,436.0,22.0,30000.0,8,3
mom christmas gofts,8,3.0,268.0,8.0,100000.0,8,1
gifts for candle lovers,8,86.0,344.0,36.0,4000.0,8,0
pretty candle warmer,8,265.0,265.0,7.0,1000.0,8,3
cute candle warmer,8,820.0,820.0,-8.0,1000.0,11,3
cool candle warmer,8,213.0,213.0,308.0,1000.0,8,3
tapered candle holder,8,219.0,437.0,-34.0,2000.0,8,0
boho wax warmer,8,1217.0,516.0,-2.0,424.0,9,8
cndle warmer,8,8.0,253.0,37.0,30000.0,8,3
wax lamp,8,516.0,516.0,-4.0,1000.0,9,5
old people stuff,8,25.0,250.0,14.0,10000.0,8,2
regalos mujer,8,2.0,421.0,1.0,200000.0,8,2
wax warmer light,8,219.0,437.0,-2.0,2000.0,8,8
magnolia home decor,8,403.0,1208.0,22.0,3000.0,26,2
christmas gift woman,8,4.0,415.0,69.0,100000.0,8,4
birthday mom gifts,8,3.0,341.0,3.0,100000.0,8,1
gifts under 50 dollars for women,8,3.0,644.0,4.0,200000.0,10,4
gold bedroom decor,8,44.0,2197.0,-2.0,50000.0,27,2
best christmas gifts for women,8,3.0,645.0,20.0,200000.0,10,4
best presents for mom,8,3.0,265.0,6.0,100000.0,8,1
scented wax warmer electric,8,376.0,376.0,1.0,1000.0,8,8
birthday for mom,8,6.0,581.0,-27.0,100000.0,9,1
decor gifts,8,4.0,405.0,59.0,100000.0,8,7
candle warmer lamp white base,7,357.0,244.0,,684.0,8,9
candle warmer lamp sunflower,7,750.0,375.0,,500.0,8,9
adjustable height candle warmer,7,298.0,298.0,,1000.0,8,3
gift for new apartment women,7,7.0,274.0,,40000.0,8,4
candle warmer lamp candles,7,392.0,392.0,,1000.0,8,9
candle warmer lamp on sale,7,485.0,268.0,,553.0,8,9
western candle warmer lamp,7,431.0,274.0,-13.0,635.0,8,9
wood base candle warmer lamp,7,348.0,232.0,-20.0,666.0,8,9
cancle warmer,7,9.0,256.0,16.0,30000.0,8,3
candle warmer lamp brass,7,343.0,262.0,1.0,764.0,8,9
candle warmer lamp 2 pack best seller,7,653.0,356.0,-7.0,545.0,8,9
malbella essentials candle warmer lamp,7,501.0,354.0,99.0,706.0,8,9
euaonya candle warmer lamp,7,683.0,349.0,235.0,511.0,8,9
women home gifts,7,2.0,235.0,,100000.0,8,4
candle warmer lamp tigqiang,7,508.0,277.0,56.0,545.0,8,9
nonvjj candle warmer lamp,7,485.0,247.0,30.0,509.0,8,9
black candle warmer lamp with timer,7,473.0,324.0,34.0,685.0,8,6
amber candle warmer lamp,7,597.0,341.0,83.0,571.0,8,9
wax melt warmer tea light candle,7,370.0,319.0,-16.0,863.0,8,8
candles lamp warmer,7,213.0,213.0,69.0,1000.0,8,9
warmer candle lamp,7,396.0,396.0,6.0,1000.0,8,9
heated candle warmer lamp,7,448.0,410.0,8.0,916.0,8,9
camdle warmer,7,11.0,317.0,31.0,30000.0,8,3
candle warmer lamp wood,7,726.0,516.0,37.0,711.0,9,9
candle warmer 2 pack,7,208.0,415.0,17.0,2000.0,8,3
candle warmer lamp cordless,7,990.0,762.0,-13.0,770.0,11,9
lantern candle warmer lamp,7,383.0,383.0,39.0,1000.0,8,9
candle warner,7,35.0,1053.0,42.0,30000.0,25,0
whimsigoth home decor,7,2194.0,2194.0,-17.0,1000.0,27,2
luzdiosa candle warmer lamp,7,437.0,232.0,-16.0,531.0,8,9
top down candle warmer,7,587.0,405.0,64.0,690.0,8,3
morher in law gifts,7,13.0,262.0,151.0,20000.0,8,7
candle warmer electric lantern,7,216.0,216.0,219.0,1000.0,8,3
house gifts for new home,7,4.0,241.0,3.0,60000.0,8,7
gifts for the home for women,7,2.0,225.0,,100000.0,8,4
candle warmer with lamp,7,384.0,384.0,34.0,1000.0,8,9
candle warmer wax melter,7,142.0,283.0,33.0,2000.0,8,8
lampara para velas,7,891.0,484.0,17.0,543.0,9,5
candle wax lamp,7,256.0,256.0,148.0,1000.0,8,0
heating candle lamp,7,499.0,354.0,73.0,709.0,8,9
heat lamp candle,7,348.0,316.0,2075.0,909.0,8,9
christmas gift for new mom,7,4.0,341.0,83.0,80000.0,8,1
practical christmas gifts for women,7,6.0,259.0,13.0,40000.0,8,4
candles women,7,31.0,311.0,89.0,10000.0,8,0
vintage candle warmer,7,620.0,400.0,5.0,645.0,8,3
wax warmer for scented wax electric,7,376.0,376.0,10.0,1000.0,8,8
gifts for new house,7,4.0,328.0,112.0,90000.0,8,7
gifts for the house,7,4.0,405.0,121.0,100000.0,8,7
wax watmer,7,103.0,412.0,-2.0,4000.0,8,8
lamp gift,7,5.0,238.0,3762.0,50000.0,8,5
home decore,7,14.0,1431.0,-4.0,100000.0,26,2
wireless candle warmer,7,1953.0,1592.0,2.0,815.0,26,3
masculine candle warmer,7,362.0,216.0,159.0,597.0,8,3
electric wax melt warmer with timer,7,644.0,311.0,-12.0,483.0,8,8
warmer lamp,7,429.0,429.0,14.0,1000.0,8,9
auto shut off candle warmer,7,378.0,367.0,13.0,970.0,8,3
candle warmer large,7,74.0,372.0,13.0,5000.0,8,3
candle warmer battery operated,7,1162.0,1162.0,-4.0,1000.0,26,3
cozy lamp,7,205.0,1232.0,-20.0,6000.0,26,5
flameless candle warmer,7,86.0,428.0,17.0,5000.0,8,3
home decor for women,7,4.0,370.0,5.0,100000.0,8,2
battery operated candle warmer,7,2981.0,2981.0,0.0,1000.0,28,3
jar candle warmer,7,423.0,423.0,15.0,1000.0,8,3
new job gifts,7,10.0,416.0,31.0,40000.0,8,7
decor for home,7,5.0,484.0,-4.0,100000.0,9,2
candle warmer lamp with timer white,6,352.0,250.0,,710.0,8,6
candy warmer lamp,6,494.0,317.0,,642.0,8,9
pretty candle warmer lamp,6,735.0,277.0,,377.0,8,9
lamps that heat candles,6,410.0,286.0,,698.0,8,9
heat lamp for candle,6,281.0,253.0,,900.0,8,9
candle warmer marycele,6,939.0,402.0,,428.0,8,3
lamp heater for candles,6,314.0,314.0,5.0,1000.0,8,9
antique candle warmer lamp,6,1399.0,256.0,-16.0,183.0,8,9
mushroom candle warmer lamp,6,396.0,271.0,4.0,684.0,8,9
three wick candle warmer,6,285.0,238.0,-10.0,836.0,8,3
candle warmer lamp butterfly,6,494.0,244.0,-1.0,494.0,8,9
practical gifts for moms,6,12.0,247.0,-26.0,20000.0,8,1
skjrvrh,6,140000.0,280.0,9.0,2.0,8,2
one fire cordless lamp,6,216.0,216.0,-12.0,1000.0,8,5
amber candle warmer,6,277.0,277.0,-10.0,1000.0,8,3
"candle warmer lamp, candle lamp wax warmer heating lamp, timer & dimmer 7-levels, fits cup jar candl",6,515.0,271.0,-15.0,526.0,8,6
candle warmer and candle,6,42.0,253.0,3.0,6000.0,8,3
candle warmer on amazon,6,603.0,400.0,13.0,663.0,8,3
malbella candle warmer lamp,6,507.0,265.0,108.0,523.0,8,9
briever candle warmer lamp,6,927.0,484.0,112.0,522.0,9,9
candle warmer with candles,6,121.0,1210.0,53.0,10000.0,26,3
candle warmer lamp small,6,372.0,372.0,25.0,1000.0,8,9
candle for warmer lamp,6,415.0,415.0,30.0,1000.0,8,9
candle warmer lamp with marble base,6,647.0,341.0,18.0,527.0,8,9
candle lamp black,6,576.0,330.0,30.0,573.0,8,0
blue candle warmer lamp,6,789.0,420.0,12.0,532.0,8,9
aimoptg candle warmer lamp,6,797.0,416.0,34.0,522.0,8,9
marycele candle warmer lamp with timer,6,1074.0,580.0,17.0,540.0,9,6
candle warmer lamp farmhouse style,6,1154.0,644.0,31.0,558.0,10,9
rechargeable candle warmer,6,968.0,765.0,-6.0,790.0,11,3
$50 gifts for women,6,2.0,213.0,4.0,100000.0,8,4
mom gifts for new mom,6,5.0,370.0,-7.0,70000.0,8,1
boho shelf decor items,6,129.0,388.0,-26.0,3000.0,8,2
luxury gifts under 50,6,352.0,289.0,-3.0,820.0,8,7
home decor christmas gifts,6,3.0,283.0,48.0,100000.0,8,7
candle warm,6,23.0,225.0,5.0,10000.0,8,3
flameless candle lamp,6,85.0,424.0,-12.0,5000.0,8,0
candle stuff,6,32.0,222.0,1.0,7000.0,8,0
rose gold candle warmer,6,421.0,225.0,84.0,534.0,8,3
gifts for home decor,6,4.0,415.0,42.0,100000.0,8,7
candles lamp,6,216.0,216.0,85.0,1000.0,8,0
wax burner with timer,6,682.0,244.0,14.0,358.0,8,6
top rated gifts,6,10.0,304.0,28.0,30000.0,8,7
hummingbird candle holder,6,952.0,280.0,199.0,294.0,8,0
candle warmers wax melts,6,215.0,429.0,-11.0,2000.0,8,8
candle warmer gift set,6,25.0,250.0,247.0,10000.0,8,3
candle warmer for men,6,103.0,413.0,21.0,4000.0,8,3
melt warmer,6,124.0,373.0,-5.0,3000.0,8,3
electric candle burner,6,324.0,324.0,33.0,1000.0,8,0
women gifts under 50 dollars,6,1.0,216.0,62.0,200000.0,8,4
candke warmer lamp,6,259.0,259.0,,1000.0,8,9
lamp candle warmer black,5,253.0,253.0,,1000.0,8,9
flame to flower candles,5,286.0,286.0,,1000.0,8,0
lamp and candle warmer,5,262.0,262.0,,1000.0,8,9
candle warmer amber,5,219.0,219.0,,1000.0,8,3
pink flower candle warmer lamp,5,638.0,241.0,,378.0,8,9
red candle warmer lamp,5,467.0,268.0,,574.0,8,9
cheap candle warmer lamp,5,63.0,317.0,,5000.0,8,9
candle warmer electric wax melt lamp,5,271.0,271.0,-25.0,1000.0,8,9
candle warmer lamp two pack,5,283.0,283.0,-1.0,1000.0,8,9
clearance candle warmer lamp,5,244.0,244.0,-9.0,1000.0,8,9
practical christmas gifts for mom,5,27.0,265.0,-3.0,10000.0,8,1
farmhouse candle warmer lamp with timer,5,608.0,349.0,-7.0,574.0,8,6
candle warmer lamp green glass,5,751.0,367.0,-25.0,489.0,8,9
candeldo candle warmer lamp,5,772.0,423.0,-57.0,548.0,8,9
scented jar candles for candle warmer lamps,5,392.0,392.0,9.0,1000.0,8,3
candle warmer lamp seenlast,5,720.0,381.0,-8.0,529.0,8,9
cnadle warmer,5,11.0,317.0,5.0,30000.0,8,3
mini candle warmer lamp,5,680.0,365.0,99.0,537.0,8,9
purple candle warmer lamp,5,816.0,436.0,30.0,534.0,8,9
candle lamp warmers,5,311.0,311.0,37.0,1000.0,8,9
christmas gifts for home decor,5,3.0,250.0,,100000.0,8,7
geezo candle warmer lamp,5,695.0,362.0,27.0,521.0,8,9
stained glass candle warmer lamp,5,797.0,424.0,4.0,532.0,8,9
candle warmer lamp bath and body works,5,734.0,402.0,85.0,548.0,8,9
candle warmer lamp with timer 2 pack,5,346.0,346.0,188.0,1000.0,8,6
candle warmer lamp dimmable,5,256.0,256.0,78.0,1000.0,8,9
candle warmer lamp 3 wick,5,658.0,388.0,18.0,590.0,8,9
heat lamp candle warmer,5,429.0,383.0,16.0,893.0,8,9
aikut candle warmer lamp,5,683.0,364.0,-15.0,533.0,8,9
candle warmer lamp set of 2,5,591.0,439.0,8.0,743.0,8,9
candle warmer lamp marble,5,797.0,421.0,2.0,528.0,8,9
adjustable candle warmer,5,463.0,437.0,24.0,943.0,8,3
candle+warmer+lamp,5,336.0,336.0,13.0,1000.0,8,9
candle warmer lamp adjustable height,5,1012.0,820.0,74.0,810.0,11,9
hard to buy for women gift ideas,5,99.0,394.0,95.0,4000.0,8,4
candel warmer lamp,5,375.0,375.0,4.0,1000.0,8,9
new home gifts for home,5,3.0,308.0,11.0,100000.0,8,7
table top candle warmer,5,50.0,250.0,94.0,5000.0,8,3
farmhouse gifts for women,5,14.0,271.0,14.0,20000.0,8,4
home gifts under 50,5,3.0,238.0,328.0,90000.0,8,7
home gofts,5,2.0,362.0,116.0,200000.0,8,2
christmas gifts for house,5,3.0,324.0,51.0,100000.0,8,7
christmas gifts for home,5,6.0,580.0,112.0,100000.0,9,7
green candle warmer,5,218.0,436.0,-2.0,2000.0,8,3
cute home gifts,5,2.0,219.0,247.0,100000.0,8,7
vintage gift,5,3.0,348.0,31.0,100000.0,8,7
electric wax warmers,5,250.0,250.0,2.0,1000.0,8,8
top candle warmer,5,435.0,413.0,4.0,949.0,8,3
rustic candle warmer,5,422.0,372.0,-8.0,882.0,8,3
top 100 gifts for women,5,58.0,232.0,190.0,4000.0,8,4
pretty home decor,5,2.0,232.0,586.0,100000.0,8,2
cute lamps for bedrooms,5,83.0,1663.0,-8.0,20000.0,27,5
cute birthday gifts for women,5,5.0,484.0,-44.0,100000.0,9,4
elephant candle warmer,5,365.0,216.0,57.0,592.0,8,3
anthropologie decor,5,840.0,644.0,5.0,767.0,10,2
antique home decor,5,15.0,1050.0,18.0,70000.0,25,2
guest room wall decor,5,14.0,429.0,-18.0,30000.0,8,2
candle light lamp,5,37.0,370.0,18.0,10000.0,8,0
vintage lamp for bedroom,5,43.0,429.0,3.0,10000.0,8,5
candle warmer bath and body works,5,280.0,280.0,195.0,1000.0,8,3
dresser decor,5,63.0,3760.0,-5.0,60000.0,29,2
warmer candle,5,80.0,399.0,4.0,5000.0,8,3
counter lamp,5,679.0,645.0,-8.0,950.0,10,5
gifts for new mothers,5,5.0,517.0,79.0,100000.0,9,1
electric candle lamp warmer,5,344.0,344.0,7.0,1000.0,8,9
candle wax burner,5,198.0,396.0,0.0,2000.0,8,0
best gifts for mother in law,5,19.0,388.0,49.0,20000.0,8,1
flameless candle burner,5,274.0,274.0,317.0,1000.0,8,0
home decor under 20 dollars,5,2.0,247.0,36.0,100000.0,8,2
vintage room decor,5,58.0,5816.0,-19.0,100000.0,31,2
house decor gifts,5,4.0,423.0,182.0,100000.0,8,7
home warming gifts,5,7.0,335.0,13.0,50000.0,8,7
new house gifts,5,6.0,517.0,133.0,90000.0,9,7
mothers birthday gift,5,2.0,235.0,-24.0,100000.0,8,1
scented candles for lamp warmers,4,232.0,232.0,,1000.0,8,3
candle warmer lamp for tall jar candles,4,317.0,317.0,,1000.0,8,9
cupcake and cashmere candle warmer,4,2272.0,359.0,,158.0,8,3
tiffany lamp candle warmer,4,498.0,312.0,,626.0,8,9
candle lamp adjustable,4,138.0,275.0,,2000.0,8,9
candle warmer lamp with timer adjustable,4,336.0,311.0,,925.0,8,6
black candle lamp warmer,4,373.0,268.0,13.0,719.0,8,9
candle warmers￼,4,57.0,341.0,5.0,6000.0,8,0
candle related gifts,4,362.0,271.0,-6.0,749.0,8,0
candle warmer lamp cheap,4,81.0,407.0,-7.0,5000.0,8,9
unique candle warmer lamp,4,871.0,296.0,15.0,340.0,8,9
candle.warmer lamp,4,299.0,299.0,-11.0,1000.0,8,9
candles for lamp warmers,4,346.0,346.0,8.0,1000.0,8,9
canle warmer,4,10.0,303.0,-15.0,30000.0,8,3
bronze candle warmer lamp,4,630.0,354.0,-1.0,562.0,8,9
candle warmer lantern with timer,4,489.0,317.0,32.0,648.0,8,6
wooden candle warmer lamp,4,458.0,312.0,25.0,681.0,8,9
candle warmer lamp for teen girls,4,625.0,324.0,18.0,518.0,8,9
loowoko candle warmer lamp,4,455.0,235.0,306.0,517.0,8,9
soilsiu candle warmer lamp with timer,4,677.0,352.0,65.0,520.0,8,6
cloud candle warmer lamp,4,553.0,364.0,40.0,658.0,8,9
marycele,4,3926.0,373.0,-4.0,95.0,8,2
melting candle lamp,4,373.0,373.0,18.0,1000.0,8,9
candle lamp warmer black,4,483.0,359.0,99.0,744.0,8,9
retro candle warmer lamp,4,450.0,268.0,70.0,596.0,8,9
aromatherapy lamp candle warmer,4,380.0,311.0,46.0,819.0,8,9
candle warmer adjustable,4,418.0,402.0,8.0,961.0,8,3
candle warmer lantern lamp,4,317.0,317.0,28.0,1000.0,8,9
wax warmer lamp for scented wax,4,343.0,343.0,13.0,1000.0,8,8
candle warmer lamp farmhouse,4,641.0,370.0,5.0,577.0,8,9
2 pack candle warmer lamp,4,437.0,437.0,47.0,1000.0,8,9
hestia candle warmer,4,909.0,420.0,76.0,462.0,8,3
candle warmer lamp flower shape,4,686.0,341.0,161.0,497.0,8,9
things that look like other things decor,4,29.0,265.0,19.0,9000.0,8,2
coastal granddaughter room decor,4,5377.0,2984.0,-9.0,555.0,31,2
neutral home decor aesthetic,4,78.0,698.0,-8.0,9000.0,10,2
baccarat rouge candle,4,3500.0,378.0,7.0,108.0,8,0
wac warmer,4,80.0,319.0,-6.0,4000.0,8,3
bedroom gifts for women,4,4.0,351.0,31.0,90000.0,8,4
heat candle lamp,4,357.0,328.0,15.0,918.0,8,9
best candle warmer,4,189.0,378.0,9.0,2000.0,8,3
fireplace candle warmer,4,185.0,370.0,22.0,2000.0,8,3
wax warmer for scented wax with timer,4,407.0,216.0,-24.0,531.0,8,8
candle wsrmer,4,14.0,415.0,3.0,30000.0,8,0
candlw warmer,4,8.0,253.0,,30000.0,8,3
cabdle warmer,4,13.0,397.0,13.0,30000.0,8,3
candle wax warmer lamp,4,384.0,384.0,29.0,1000.0,8,9
house gifts for mom,4,7.0,286.0,97.0,40000.0,8,1
bath and body works candle warmer,4,1139.0,335.0,213.0,294.0,8,3
candle warmer with candle,4,19.0,388.0,42.0,20000.0,8,3
calentador de velas,4,322.0,644.0,32.0,2000.0,10,5
candle melt lamp,4,384.0,384.0,-2.0,1000.0,8,9
large wax warmer,4,145.0,434.0,-1.0,3000.0,8,8
home devor,4,3.0,349.0,-12.0,100000.0,8,2
cute lamps,4,300.0,2696.0,-15.0,9000.0,28,5
bee wax candles,4,1281.0,351.0,-5.0,274.0,8,0
candle light burner,4,433.0,280.0,,646.0,8,0
candle warmer silver,4,291.0,581.0,5.0,2000.0,9,3
wax warmer timer,4,713.0,368.0,1.0,516.0,8,8
gifts for working women,4,10.0,381.0,61.0,40000.0,8,4
electric lamp candle warmer,4,228.0,228.0,34.0,1000.0,8,9
flower wax warmer,4,472.0,335.0,21.0,709.0,8,8
light candle,4,17.0,340.0,1.0,20000.0,8,0
black aesthetic room decor,4,11.0,429.0,-4.0,40000.0,8,2
crystal candle warmer,4,603.0,413.0,13.0,685.0,8,3
girly decor,4,154.0,1234.0,-3.0,8000.0,26,2
traditional home decor,4,6.0,644.0,8.0,100000.0,10,2
chic gifts,4,3.0,286.0,19.0,100000.0,8,7
extra large candle warmer,4,84.0,421.0,2.0,5000.0,8,3
electric candle warmer with timer,4,367.0,367.0,33.0,1000.0,8,6
yankee candle warmer electric,4,237.0,219.0,254.0,923.0,8,3
mothers gift,4,8.0,764.0,68.0,100000.0,11,1
top gifts for women,4,12.0,1164.0,-3.0,100000.0,26,4
hello kitty candle warmer,3,976.0,241.0,,247.0,8,3
candle and candle warmer,3,48.0,289.0,,6000.0,8,3
candle heat lamp warmer,3,402.0,330.0,,820.0,8,9
boho gifts for women vintage boho,3,11.0,219.0,,20000.0,8,4
candle warmer lamp led,3,277.0,277.0,-1.0,1000.0,8,9
candle warmer under 20,3,454.0,256.0,1.0,564.0,8,3
candle warmer with marble base,3,829.0,281.0,-7.0,339.0,8,3
candle warmer lamp mid century,3,512.0,259.0,-12.0,506.0,8,9
led candle warmer lamp,3,547.0,373.0,19.0,682.0,8,9
candle warmer with timers,3,268.0,268.0,-1.0,1000.0,8,6
candle warmer lamp lantern style,3,550.0,311.0,-6.0,565.0,8,9
flower candle lamp,3,1404.0,330.0,-18.0,235.0,8,0
modern candle warmer lamp with timer,3,261.0,219.0,-7.0,840.0,8,6
"wanidea flameless candles lamp, led candles,cute kerosene lamp,silicone flame amber light,adjustable",3,13158.0,250.0,-22.0,19.0,8,0
candela lamp,3,513.0,274.0,65.0,534.0,8,5
candle warmers on sale,3,511.0,351.0,43.0,687.0,8,3
lampara para vela,3,429.0,219.0,12.0,510.0,8,5
amazon candle warmer,3,561.0,311.0,-4.0,554.0,8,3
black lamp candle warmer,3,363.0,271.0,29.0,746.0,8,9
steel candles that never melt,3,10710.0,332.0,122.0,31.0,8,0
candle warmer lamp purple,3,807.0,426.0,26.0,528.0,8,9
candle warmer lamp under 20,3,685.0,378.0,157.0,552.0,8,9
fragrance candle warmer lamp,3,349.0,349.0,-50.0,1000.0,8,9
candle warmer lamp marycele,3,845.0,437.0,2.0,517.0,8,9
candle warmer lamp with usb port,3,580.0,324.0,132.0,559.0,8,9
candle warmer lamp with dimmer,3,863.0,698.0,54.0,809.0,10,9
tap light lamp,3,138.0,415.0,-5.0,3000.0,8,5
lamparas para velas aromaticas,3,4175.0,764.0,88.0,183.0,11,5
candle lovers gift ideas,3,311.0,311.0,50.0,1000.0,8,0
marycele candle warmer,3,667.0,322.0,16.0,483.0,8,3
candle warmer flower lamp,3,786.0,437.0,4.0,556.0,8,9
融蜡灯,3,3818.0,378.0,-4.0,99.0,8,2
nancy meyers home decor,3,15749.0,2693.0,8.0,171.0,27,2
dark academia lamp,3,831.0,399.0,-14.0,480.0,8,5
christmas birthday gifts,3,3.0,259.0,441.0,100000.0,8,7
house gofts,3,3.0,250.0,,100000.0,8,2
wall plug wax melt warmer,3,710.0,336.0,-7.0,473.0,8,8
in law gift ideas,3,34.0,340.0,79.0,10000.0,8,7
chritmas presents for mom,3,4.0,389.0,182.0,90000.0,8,1
home christmas gifts,3,4.0,394.0,56.0,100000.0,8,7
vintage candle snuffer,3,880.0,235.0,117.0,267.0,8,0
automatic candle snuffer,3,1321.0,424.0,-5.0,321.0,8,0
disney candle warmer,3,488.0,286.0,39.0,586.0,8,3
cheap candle warmer,3,59.0,235.0,173.0,4000.0,8,3
candle stick lamps,3,2101.0,311.0,0.0,148.0,8,0
modern candle warmer,3,598.0,581.0,-28.0,971.0,9,3
mini candle warmer,3,462.0,362.0,4.0,783.0,8,3
grey candle warmer,3,277.0,222.0,,801.0,8,3
cow candle warmer,3,409.0,259.0,28.0,633.0,8,3
good christmas gifts,3,4.0,439.0,-33.0,100000.0,8,7
red candle warmer,3,69.0,277.0,,4000.0,8,3
cheap birthday gifts for women,3,2.0,356.0,-15.0,200000.0,8,4
wax warmer black,3,198.0,396.0,-6.0,2000.0,8,8
feminine decor,3,83.0,415.0,-2.0,5000.0,8,2
warming lamp,3,107.0,428.0,3.0,4000.0,8,9
marble candle warmer,3,1107.0,362.0,-6.0,327.0,8,3
bedroom necessities,3,153.0,765.0,-21.0,5000.0,11,2
house warming gifts for women,3,28.0,283.0,-16.0,10000.0,8,4
decorative wax warmer,3,490.0,346.0,3.0,706.0,8,8
lamp candle holder,3,134.0,268.0,116.0,2000.0,8,0
dorm gifts,3,5.0,381.0,41.0,70000.0,8,7
useful christmas gifts,3,8.0,304.0,34.0,40000.0,8,7
candle melts warmer,3,78.0,391.0,-3.0,5000.0,8,3
yankee candle holder,3,574.0,436.0,21.0,759.0,8,0
gift for mom birthday,3,4.0,439.0,-58.0,100000.0,8,1
mothers day gift,3,6.0,644.0,28.0,100000.0,10,1
home entertainment gifts,2,2.0,247.0,,100000.0,8,7
best house gift,2,2.0,247.0,,100000.0,8,7
better homes and gardens candle warmer lamp,2,438.0,235.0,,537.0,8,9
candle lamp warmer adjustable with timer,2,379.0,351.0,21.0,925.0,8,6
desk lamp candle warmer,2,371.0,235.0,-15.0,634.0,8,9
trademark candle warmer lamp,2,829.0,437.0,-1.0,527.0,8,9
candle warmer lamp for large yankee jar candles,2,450.0,259.0,11.0,576.0,8,9
candle warmer light with timer,2,407.0,407.0,14.0,1000.0,8,6
candle warmer lamp brown,2,505.0,283.0,1.0,560.0,8,9
candle warmer lamp with timer black,2,470.0,381.0,18.0,810.0,8,6
candle warmer lamp rechargeable,2,665.0,359.0,4.0,540.0,8,9
candle warmer lamp brushed nickel,2,2189.0,324.0,6.0,148.0,8,9
tiffany style candle warmer lamp,2,2947.0,336.0,6.0,114.0,8,9
tiffany candle warmer lamp,2,520.0,338.0,11.0,650.0,8,9
"dimmable flower candle warmer lamp with timer, green candle lamp warmer for jar candle, 2024 womens ",2,715.0,346.0,18.0,484.0,8,6
lighted candle warmer lamp,2,648.0,357.0,-4.0,551.0,8,9
battery powered candle warmers,2,624.0,580.0,33.0,929.0,9,3
led vintage kerosene lamp electronic swing candle,2,3700.0,407.0,22.0,110.0,8,0
tortoise shell candle,2,5042.0,484.0,-2.0,96.0,9,0
dark cottage core decor,2,171.0,341.0,26.0,2000.0,8,2
lámpara para velas,2,756.0,410.0,50.0,542.0,8,5
calentador de vela,2,125.0,375.0,32.0,3000.0,8,5
50 gifts women,2,4.0,364.0,1430.0,100000.0,8,4
candle warmer cordless rechargeable,2,362.0,346.0,3.0,956.0,8,3
heating lamp for candles,2,563.0,391.0,76.0,694.0,8,9
50$ gift,2,3.0,330.0,105.0,100000.0,8,7
candle warmers lamp with timer,2,644.0,644.0,83.0,1000.0,10,6
candle warmer lamp rustic farmhouse,2,651.0,330.0,15.0,507.0,8,9
battery candle warmer lamp,2,521.0,400.0,7.0,768.0,8,9
funistree,2,4011.0,349.0,89.0,87.0,8,2
candle warmwr lamp,2,381.0,381.0,5.0,1000.0,8,9
cozy home gifts,2,4.0,351.0,89.0,80000.0,8,7
best candle warmer lamp,2,356.0,356.0,15.0,1000.0,8,9
candle lamo,2,280.0,280.0,15.0,1000.0,8,0
tulip candle warmer,2,856.0,381.0,5.0,445.0,8,3
candle warmer lamp glass,2,487.0,311.0,274.0,638.0,8,9
adjustable candle warmer lamp with timer,2,393.0,368.0,6.0,936.0,8,6
candle warmer lamp adjustable height with timer,2,436.0,346.0,94.0,794.0,8,6
calentador de velas aromáticas,2,530.0,413.0,-20.0,779.0,8,5
small candle warmer lamp,2,644.0,644.0,19.0,1000.0,10,9
large candle warmer lamp,2,516.0,516.0,26.0,1000.0,9,9
candle warmer lamp vintage,2,535.0,372.0,16.0,695.0,8,9
cute candle warmer lamp,2,623.0,402.0,7.0,645.0,8,9
cozy room essentials,2,42.0,421.0,10.0,10000.0,8,2
electric candle warmer wax melter,2,316.0,316.0,-5.0,1000.0,8,8
vintage home decor aesthetic,2,15.0,581.0,9.0,40000.0,9,2
whimsigoth decor,2,4294.0,949.0,0.0,221.0,12,2
cozyberry candle warmer,2,1704.0,317.0,3141.0,186.0,8,3
candle warming lamps,2,397.0,397.0,22.0,1000.0,8,9
cozy berry candle warmer lamp,2,689.0,346.0,-2.0,502.0,8,9
wax warmers for wax melts electric,2,319.0,319.0,-15.0,1000.0,8,8
fairycore decor,2,2620.0,820.0,-5.0,313.0,11,2
hime decor,2,4.0,404.0,-15.0,100000.0,8,2
home decir,2,6.0,645.0,-5.0,100000.0,10,2
nice gift for women,2,2.0,320.0,117.0,200000.0,8,4
candel lamp,2,426.0,426.0,10.0,1000.0,8,5
flamingo candle warmer,2,823.0,344.0,3.0,418.0,8,3
gift birthday woman,2,3.0,268.0,4.0,100000.0,8,4
cozy gifts for mom,2,20.0,407.0,112.0,20000.0,8,1
better homes and gardens candle warmer,2,277.0,277.0,131.0,1000.0,8,3
vintage candle,2,103.0,412.0,6.0,4000.0,8,0
candle warming light,2,423.0,423.0,10.0,1000.0,8,0
tea light warmer,2,32.0,222.0,7.0,7000.0,8,3
cozy living room,2,6.0,397.0,-3.0,70000.0,8,2
cute house decor,2,8.0,764.0,14.0,100000.0,11,2
battery candle warmer,2,821.0,821.0,5.0,1000.0,11,3
andle warmer,2,12.0,356.0,31.0,30000.0,8,3
gift for host,2,37.0,367.0,87.0,10000.0,8,7
gifts for apartment,2,9.0,359.0,42.0,40000.0,8,7
wireless wax warmer,2,892.0,378.0,0.0,424.0,8,8
premium decor,2,22.0,2197.0,-45.0,100000.0,27,2
wood christmas decor,2,7.0,412.0,-62.0,60000.0,8,2
desk candle warmer,2,375.0,375.0,25.0,1000.0,8,3
retro vintage decor,2,3.0,308.0,41.0,100000.0,8,2
trendy christmas gifts,2,3.0,238.0,-37.0,80000.0,8,7
candle soot catcher,2,1451.0,341.0,164.0,235.0,8,0
vintage home accents,2,6.0,581.0,18.0,90000.0,9,2
vintage modern decor,2,4.0,343.0,-8.0,90000.0,8,2
neutral gifts,2,5.0,271.0,29.0,50000.0,8,7
aesthetic home decor,2,17.0,1653.0,1.0,100000.0,26,2
vintage things,2,12.0,365.0,-5.0,30000.0,8,2
eccentric decor,2,591.0,400.0,44.0,677.0,8,2
desk lamp flower,2,322.0,322.0,-15.0,1000.0,8,5
vintage decor for home,2,14.0,1434.0,-14.0,100000.0,26,2
candle warmer set,2,67.0,336.0,43.0,5000.0,8,3
candle warmer green,2,776.0,392.0,3.0,505.0,8,3
candle warmer cordless,2,517.0,517.0,8.0,1000.0,9,3
candle warmer cute,2,375.0,375.0,-2.0,1000.0,8,3
wax warmers electric,2,381.0,381.0,15.0,1000.0,8,8
candle warmer lamp lantern,2,554.0,359.0,5.0,648.0,8,9
aurora candle warmer lamp,2,493.0,271.0,28.0,550.0,8,9
cozy decor,2,17.0,1658.0,-8.0,100000.0,26,2
marble lamp,2,2563.0,1661.0,49.0,648.0,27,5
electric candle lamp,2,201.0,402.0,6.0,2000.0,8,9
modern house decor,2,8.0,764.0,1.0,100000.0,11,2
elegant gifts for women,2,6.0,644.0,104.0,100000.0,10,4
candle warmer electric,2,182.0,364.0,12.0,2000.0,8,3
unique home decor,2,21.0,2092.0,9.0,100000.0,27,2
ladies gifts for christmas,2,3.0,349.0,25.0,100000.0,8,4
last minute gifts for mother in law,1,378.0,213.0,,563.0,8,1
candle warmer lamp gold and white,1,247.0,247.0,,1000.0,8,9
mikasa electric candle warmer,1,507.0,282.0,,556.0,8,3
mikasa electric candle warmer lamp,1,423.0,274.0,,648.0,8,9
gift for mothers in law,1,9.0,268.0,,30000.0,8,1
candlewarmer lamp with timer,1,491.0,274.0,,558.0,8,6
heatless candle warmer,1,471.0,265.0,,563.0,8,3
candle warmer lantern lamp farmhouse,1,275.0,238.0,,864.0,8,9
candle warmer lamp masculine,1,368.0,256.0,,695.0,8,9
candle warmer lamp clear glass,1,361.0,280.0,,775.0,8,9
goloza candle warmer lamp,1,532.0,283.0,,532.0,8,9
orange candle warmer,1,94.0,283.0,,3000.0,8,3
teen candle warmer,1,453.0,262.0,,579.0,8,3
candle warmer lamp under 20 dollars,1,1059.0,235.0,,222.0,8,9
candle warmer lamp retro,1,356.0,213.0,-19.0,598.0,8,9
candle waemer,1,8.0,241.0,-4.0,30000.0,8,0
candle warmer lamp white and silver,1,568.0,250.0,-23.0,440.0,8,9
mid century modern candle warmer,1,635.0,322.0,0.0,507.0,8,3
candle wamer lamp,1,213.0,213.0,-2.0,1000.0,8,0
candles for warmer lamp,1,482.0,482.0,5.0,1000.0,9,9
"yuichoy candle warmer lamp with timer, dimmable electric candle wamer adjustable height, christmas g",1,615.0,312.0,-23.0,507.0,8,6
"blackyuichoy candle warmer lamp with timer, dimmable electric candle wamer adjustable height, glass ",1,6986.0,482.0,-1.0,69.0,9,6
lampara de velas,1,333.0,333.0,-16.0,1000.0,8,5
rechargeable candle warmer lamp,1,683.0,388.0,3.0,568.0,8,9
best holiday gifts 2024,1,7.0,274.0,-13.0,40000.0,8,7
candle warmer lamp￼,1,420.0,420.0,24.0,1000.0,8,3
candle lamps for indoor use,1,773.0,436.0,20.0,564.0,8,0
lampara calentador de velas aromáticas,1,535.0,322.0,-9.0,602.0,8,5
candle warmer lamp sale,1,358.0,289.0,50.0,808.0,8,9
gifts for moms on amazon,1,13.0,259.0,1283.0,20000.0,8,1
apartment decor aesthetic cozy,1,113.0,225.0,-2.0,2000.0,8,2
clearance candle warmer,1,29.0,289.0,223.0,10000.0,8,3
vintage coquette room decor,1,396.0,396.0,-14.0,1000.0,8,2
bedroom must haves 2024,1,1814.0,439.0,-1.0,242.0,8,2
cozy kitchen decor,1,7.0,400.0,-20.0,60000.0,8,2
battery candle warmer cordless,1,486.0,330.0,-18.0,679.0,8,3
candle warmer wireless cordless,1,473.0,274.0,-11.0,579.0,8,3
candle warmer lamp set,1,278.0,228.0,91.0,821.0,8,9
candle warmerlamp,1,489.0,265.0,124.0,542.0,8,3
lampara de velas aromaticas,1,1291.0,413.0,15.0,320.0,8,5
candle warmer lamp clear,1,281.0,247.0,501.0,878.0,8,9
candle warmer lamp stained glass,1,748.0,397.0,7.0,531.0,8,9
battery operated candle warmer lamp,1,509.0,375.0,6.0,737.0,8,9
candle warmer lamp crystal,1,697.0,388.0,32.0,557.0,8,9
lamp that melts candles,1,458.0,359.0,90.0,784.0,8,9
regalo para mujeres,1,12.0,362.0,36.0,30000.0,8,2
rose gold candle warmer lamp,1,623.0,320.0,90.0,514.0,8,9
candle warmer lamp vintage style,1,519.0,296.0,-6.0,570.0,8,9
wood candle warmer lamp,1,454.0,319.0,100.0,702.0,8,9
cozy mom gifts,1,13.0,259.0,51.0,20000.0,8,1
boho candle warmer,1,637.0,408.0,8.0,641.0,8,3
aesthetic candle warmer,1,536.0,364.0,90.0,679.0,8,3
adjustable height candle warmer lamp,1,330.0,274.0,56.0,831.0,8,9
candle warmer lamp large,1,384.0,384.0,51.0,1000.0,8,9
candle warmer lamp rose gold,1,768.0,391.0,7.0,509.0,8,9
boho candle warmer lamp,1,693.0,372.0,20.0,537.0,8,9
lamp candle warmers,1,333.0,333.0,-10.0,1000.0,8,9
candle warmer lamp for large jar candles,1,274.0,274.0,256.0,1000.0,8,9
candle warmer lamp boho,1,657.0,354.0,21.0,539.0,8,9
lámpara para velas de olor,1,946.0,402.0,2.0,425.0,8,5
cupcakes and cashmere home decor,1,2728.0,412.0,-19.0,151.0,8,2
candle warmer lamp cute,1,538.0,351.0,-8.0,653.0,8,9
gift for house warming new home,1,26.0,256.0,0.0,10000.0,8,7
candle warme,1,15.0,436.0,20.0,30000.0,8,3
brass candle warmer lamp,1,464.0,274.0,78.0,590.0,8,9
wireless candle warmer lamp,1,700.0,426.0,3.0,609.0,8,9
dark academia desk decor,1,1060.0,372.0,14.0,351.0,8,2
fairy core decor,1,761.0,405.0,-15.0,532.0,8,2
cottage core lamp,1,1090.0,423.0,-5.0,388.0,8,5
lamps aesthetic,1,55.0,328.0,-3.0,6000.0,8,5
grandmillennial decor,1,436.0,436.0,-15.0,1000.0,8,2
lamp wax melt warmer,1,328.0,328.0,112.0,1000.0,8,8
flameless candle warmer lamp,1,367.0,367.0,71.0,1000.0,8,9
academia decor,1,383.0,765.0,21.0,2000.0,11,2
candle heaters for indoor use,1,461.0,408.0,-8.0,885.0,8,0
candle warming lamp with timer,1,359.0,351.0,3126.0,977.0,8,6
lámpara calentador de velas,1,370.0,370.0,1.0,1000.0,8,5
y2k lamp,1,1346.0,420.0,-13.0,312.0,8,5
croquette aesthetic room decor,1,4231.0,567.0,16.0,134.0,9,2
organic modern home decor,1,265.0,1591.0,-24.0,6000.0,26,2
cottagecore lamp,1,866.0,439.0,-4.0,507.0,8,5
marble candle warmer lamp,1,636.0,344.0,84.0,541.0,8,9
cottagecore bedroom decor,1,212.0,423.0,-13.0,2000.0,8,2
fragrance warmer lamps,1,295.0,295.0,176.0,1000.0,8,9
vintage decor aesthetic,1,10.0,380.0,-3.0,40000.0,8,2
vintage room decor aesthetic,1,27.0,821.0,-19.0,30000.0,11,2
home warming gift,1,4.0,213.0,14.0,50000.0,8,7
gift for birthday woman,1,3.0,335.0,-23.0,100000.0,8,4
香薰灯,1,5950.0,238.0,0.0,40.0,8,2
mini kitchen lamp,1,617.0,416.0,-20.0,674.0,8,5
candle warmer vintage,1,401.0,250.0,86.0,624.0,8,3
candle warmer usb,1,467.0,268.0,132.0,574.0,8,3
smart candle warmer,1,365.0,365.0,20.0,1000.0,8,3
quemador de velas electrico,1,677.0,376.0,20.0,555.0,8,5
fun home gifts,1,34.0,241.0,448.0,7000.0,8,7
birthday women gifts,1,2.0,216.0,-4.0,100000.0,8,4
aesthetic lamps,1,58.0,581.0,-20.0,10000.0,9,5
gift ideas for in laws,1,2.0,216.0,,100000.0,8,7
lamp for candle,1,404.0,404.0,-2.0,1000.0,8,0
candle stick lamp,1,336.0,336.0,-12.0,1000.0,8,0
wax wamer,1,69.0,274.0,-5.0,4000.0,8,8
candal warmer,1,8.0,225.0,-7.0,30000.0,8,3
candle warmer lights,1,256.0,256.0,17.0,1000.0,8,9
lamps for candles,1,265.0,265.0,97.0,1000.0,8,0
lampara de vela,1,340.0,340.0,45.0,1000.0,8,5
wooden candle warmer,1,348.0,348.0,17.0,1000.0,8,3
regalos para la casa,1,22.0,216.0,84.0,10000.0,8,2
gifts for them,1,4.0,376.0,72.0,100000.0,8,7
electric candle warmers,1,189.0,378.0,0.0,2000.0,8,3
portable candle warmer,1,302.0,259.0,,857.0,8,3
room decor gifts,1,3.0,268.0,33.0,100000.0,8,7
wax melting lamp,1,428.0,428.0,-1.0,1000.0,8,8
candle warmed,1,11.0,324.0,8.0,30000.0,8,3
western candle warmer,1,351.0,259.0,-6.0,737.0,8,3
gifts for birthday woman,1,3.0,328.0,-13.0,100000.0,8,4
lamp with candle,1,228.0,228.0,188.0,1000.0,8,0
office candle warmer,1,134.0,268.0,,2000.0,8,3
retro candle warmer,1,809.0,389.0,10.0,481.0,8,3
vintage wax warmer,1,423.0,375.0,-2.0,886.0,8,8
lamp for candles,1,333.0,333.0,11.0,1000.0,8,9
unique wax warmer,1,197.0,394.0,-3.0,2000.0,8,8
candle lava lamp,1,1843.0,341.0,32.0,185.0,8,0
funky house decor,1,78.0,389.0,-1.0,5000.0,8,2
law office decor,1,76.0,380.0,0.0,5000.0,8,2
mens candle warmer,1,320.0,320.0,87.0,1000.0,8,3
farmhouse candle warmer,1,421.0,415.0,9.0,985.0,8,3
candle warmer wood,1,457.0,392.0,5.0,857.0,8,3
candle warmer wireless,1,511.0,423.0,-2.0,828.0,8,3
candle warmer with light,1,37.0,372.0,20.0,10000.0,8,3
house decor gift,1,3.0,253.0,,100000.0,8,7
gifts for bedroom,1,3.0,280.0,1344.0,100000.0,8,7
decorative candle warmer,1,330.0,330.0,16.0,1000.0,8,3
expensive christmas gifts,1,43.0,216.0,-9.0,5000.0,8,7
candle dome,1,356.0,247.0,-26.0,694.0,8,0
vintage home,1,8.0,764.0,3.0,100000.0,11,2
lamp aesthetic,1,70.0,698.0,-10.0,10000.0,10,5
wax melt warmer lamp,1,396.0,396.0,14.0,1000.0,8,8
apartment warming gifts,1,69.0,274.0,22.0,4000.0,8,7
neutral decor,1,19.0,765.0,-16.0,40000.0,11,2
cadle warmer,1,8.0,238.0,1938.0,30000.0,8,3
trending gifts for her,1,124.0,247.0,951.0,2000.0,8,4
cozy home,1,12.0,1232.0,-8.0,100000.0,27,2
kitschy decor,1,832.0,380.0,13.0,457.0,8,2
decorative objects,1,76.0,764.0,2.0,10000.0,11,2
trending home decor,1,104.0,519.0,8.0,5000.0,9,2
milk glass lamp,1,389.0,389.0,-17.0,1000.0,8,5
apartment decor men,1,27.0,265.0,-15.0,10000.0,8,2
lamp candle burner,1,432.0,277.0,74.0,641.0,8,0
wax warmer with light,1,415.0,415.0,-7.0,1000.0,8,8
candle warmer modern,1,441.0,423.0,5.0,959.0,8,3
candle warmer glass,1,250.0,250.0,147.0,1000.0,8,3
top rated gifts for women,1,11.0,426.0,105.0,40000.0,8,4
glass wax melt warmer,1,333.0,228.0,488.0,684.0,8,8
girly home decor,1,107.0,644.0,7.0,6000.0,10,2
whimsical home decor,1,17.0,516.0,-3.0,30000.0,9,2
glam home decor,1,36.0,359.0,10.0,10000.0,8,2
wax lamp warmer,1,418.0,418.0,11.0,1000.0,8,8
vintage retro decor,1,3.0,289.0,1.0,100000.0,8,2
cottage bedroom decor,1,32.0,324.0,83.0,10000.0,8,2
vintage small lamp,1,58.0,348.0,-5.0,6000.0,8,5
shabby chic lamp,1,1046.0,413.0,-10.0,395.0,8,5
swan lamp,1,1174.0,365.0,-11.0,311.0,8,5
meaning full gifts,1,25.0,250.0,735.0,10000.0,8,7
stone lamp,1,1706.0,1232.0,-8.0,722.0,27,5
host gifts for women,1,113.0,340.0,-3.0,3000.0,8,4
gifts for women home decor,1,1.0,235.0,203.0,200000.0,8,4
gifts for women home,1,3.0,268.0,730.0,100000.0,8,4
battery powered candle warmer,1,815.0,698.0,-20.0,856.0,10,3
candle melter warmer,1,136.0,271.0,-7.0,2000.0,8,3
birthday present for women,1,2.0,244.0,-3.0,100000.0,8,4
large jar candle warmer,1,349.0,349.0,62.0,1000.0,8,3
elegant home decor,1,6.0,644.0,10.0,100000.0,10,2
top womens gifts,1,4.0,352.0,27.0,100000.0,8,4
candles light,1,13.0,259.0,-17.0,20000.0,8,0
spa bathroom accessories,1,40.0,400.0,-12.0,10000.0,8,2
lamp vintage,1,32.0,645.0,-25.0,20000.0,10,5
fairy light lamp,1,86.0,429.0,0.0,5000.0,8,5
aroma lamp,1,324.0,324.0,106.0,1000.0,8,5
led candle warmer,1,321.0,265.0,,825.0,8,3
candle jar warmer,1,330.0,330.0,21.0,1000.0,8,3
candle decor,1,15.0,1162.0,3.0,80000.0,26,0
home decor black,1,4.0,359.0,-10.0,100000.0,8,2
best housewarming gifts for new home,1,6.0,259.0,2.0,40000.0,8,7
aromatherapy lamp,1,439.0,439.0,35.0,1000.0,8,5
home decor vintage,1,4.0,424.0,2.0,100000.0,8,2
home decor gold,1,4.0,375.0,15.0,100000.0,8,2
mom gifts for birthday,1,6.0,581.0,9.0,100000.0,9,1
top women gifts,1,3.0,265.0,59.0,100000.0,8,4
birthday gifts for woman,1,2.0,317.0,-18.0,200000.0,8,4
birthday gift mom,1,4.0,375.0,-8.0,100000.0,8,1
