Keyword Phrase,Magnet IQ Score,Search Volume,Search Volume Trend,Competing Products,CPR,Cluster
fancy tea cups ,489.0,310.0,11.0,634.0,8, 
cool mugs ,38.0,344.0,47.0,9000.0,8, 
cute stanley cups ,0.0,344.0,,0.0,8, 
coffee gifts ,35.0,351.0,68.0,10000.0,8, 
cozy items ,18.0,358.0,-4.0,20000.0,8, 
cozy ,4.0,364.0,240.0,100000.0,8, 
coffee cups gift,9.0,376.0,145.0,40000.0,8, 
tea mugs with lids ,63.0,378.0,,6000.0,8, 
cute home decor ,6.0,387.0,-7.0,60000.0,8, 
landneoo 4pcs vintage coffee mugs gifts ,0.0,417.0,,0.0,8, 
coffee gift ,44.0,435.0,19.0,10000.0,8, 
cute mugs aesthetic,463.0,463.0,92.0,1000.0,8, 
mug ,12.0,466.0,4.0,40000.0,8, 
cute coffee cups ,47.0,466.0,58.0,10000.0,8, 
pretty coffee mugs ,134.0,535.0,20.0,4000.0,9, 
drinking cup ,11.0,571.0,40.0,50000.0,9, 
coffee accessories gifts ,31.0,628.0,89.0,20000.0,10, 
coffee gifts ,25.0,2284.0,28.0,90000.0,27, 
cute mugs ,232.0,2318.0,42.0,10000.0,28, 
mugs ,161.0,6431.0,100.0,40000.0,32, 
chrismas gifts ,3.0,302.0,12.0,100000.0,8, 
christmas unique gifts ,2.0,311.0,,200000.0,8, 
christmas bundle gifts ,17.0,335.0,-18.0,20000.0,8, 
unusual christmas gifts ,34.0,337.0,264.0,10000.0,8, 
ladies gifts christmas,3.0,341.0,-15.0,100000.0,8, 
bestfriend christmas gifts ,0.0,344.0,,0.0,8, 
christmas gifts over 60,18.0,351.0,67.0,20000.0,8, 
christmas gifts who have everything,59.0,351.0,622.0,6000.0,8, 
christmas gifts friends bulk,0.0,358.0,,0.0,8, 
christmas gifts,2.0,364.0,87.0,200000.0,8, 
christmas spa gifts ,93.0,371.0,17.0,4000.0,8, 
christmas present ,4.0,376.0,128.0,100000.0,8, 
christmas gifts,4.0,378.0,26.0,100000.0,8, 
gift christmas,2.0,378.0,,200000.0,8, 
christmas gift,4.0,381.0,81.0,100000.0,8, 
holiday gifts,6.0,388.0,,70000.0,8, 
adult christmas gifts,2.0,388.0,52.0,200000.0,8, 
office christmas gifts ,2.0,390.0,,200000.0,8, 
christmas gift bundles ,20.0,392.0,93.0,20000.0,8, 
gift christmas,2.0,397.0,12.0,200000.0,8, 
christmas gift,0.0,399.0,,0.0,8, 
christmas gifts ladies,4.0,401.0,209.0,100000.0,8, 
christmas gift ,4.0,406.0,43.0,100000.0,8, 
pleasure gifts christmas,406.0,406.0,235.0,1000.0,8, 
adult female christmas gifts,4.0,410.0,128.0,100000.0,8, 
christmas gifts,2.0,417.0,28.0,200000.0,8, 
christmas gifts teachers ,14.0,420.0,231.0,30000.0,8, 
christmas gifts ,4.0,420.0,128.0,100000.0,8, 
gift christmas,2.0,424.0,-6.0,200000.0,8, 
bestie christmas gifts ,5.0,426.0,622.0,80000.0,8, 
christmas gifts,4.0,426.0,74.0,100000.0,8, 
cool christmas gifts ,4.0,435.0,162.0,100000.0,8, 
inexpensive christmas gifts ,45.0,449.0,1638.0,10000.0,8, 
gifts christmas,5.0,450.0,29.0,100000.0,8, 
great christmas gifts ,5.0,452.0,548.0,100000.0,8, 
christmas gifts adult ,5.0,452.0,243.0,100000.0,8, 
fun christmas gifts ,9.0,454.0,607.0,50000.0,8, 
personalized christmas gifts ,11.0,454.0,238.0,40000.0,8, 
good christmas gifts ,5.0,458.0,315.0,100000.0,8, 
gift christmas ,5.0,459.0,415.0,100000.0,8, 
christmas stuff ,16.0,465.0,4.0,30000.0,8, 
christmas gifts elderly ,117.0,466.0,65.0,4000.0,8, 
giftchristmas,2.0,472.0,,200000.0,8, 
gifts christmas ,5.0,477.0,100.0,100000.0,8, 
cute christmas gifts ,5.0,482.0,181.0,100000.0,9, 
christmas gifts female friends,5.0,484.0,327.0,100000.0,9, 
christmas gifts ,5.0,486.0,72.0,100000.0,9, 
 christmas gift,2.0,486.0,73.0,200000.0,9, 
christmas gifts college ,54.0,535.0,382.0,10000.0,9, 
christmas gift,3.0,573.0,139.0,200000.0,9, 
gifts christmas,6.0,642.0,984.0,100000.0,10, 
christmas gift ,16.0,642.0,113.0,40000.0,10, 
christmas gift ,6.0,644.0,211.0,100000.0,10, 
funny christmas gifts ,2125.0,644.0,2133.0,303.0,10, 
gift christmas,6.0,644.0,666.0,100000.0,10, 
friend christmas gifts ,7.0,713.0,292.0,100000.0,10, 
gifts christmas,8.0,773.0,97.0,100000.0,11, 
female christmas gifts,8.0,773.0,177.0,100000.0,11, 
christmas gift teachers ,8.0,773.0,576.0,100000.0,11, 
ladies christmas gifts,8.0,844.0,124.0,100000.0,11, 
christmas gifts older ,42.0,844.0,119.0,20000.0,11, 
cheap christmas gifts ,8.0,845.0,188.0,100000.0,11, 
christmas gifts ,8.0,845.0,124.0,100000.0,11, 
christmas gifts best friends ,9.0,909.0,108.0,100000.0,12, 
christmas gifts friends ,13.0,1283.0,170.0,100000.0,26, 
best christmas gifts ,13.0,1295.0,501.0,100000.0,26, 
's gifts christmas,14.0,1365.0,854.0,100000.0,26, 
holiday gift ,20.0,1366.0,142.0,70000.0,26, 
small christmas gifts ,14.0,1377.0,173.0,100000.0,26, 
christmas gifts young ,197.0,1379.0,139.0,7000.0,26, 
winter gifts ,14.0,1379.0,86.0,100000.0,26, 
christmas ,6644.0,1588.0,140.0,239.0,26, 
gifts christmas,16.0,1611.0,131.0,100000.0,26, 
christmas gifts friends,18.0,1825.0,179.0,100000.0,26, 
bulk christmas gifts ,18.0,1836.0,243.0,100000.0,27, 
christmas gifts,18.0,1836.0,203.0,100000.0,26, 
christmas gifts ,23.0,2282.0,178.0,100000.0,27, 
 christmas gifts,12.0,2318.0,169.0,200000.0,27, 
christmas gift ,33.0,3302.0,194.0,100000.0,28, 
christmas gift ,36.0,3641.0,188.0,100000.0,29, 
 gifts christmas,42.0,4163.0,598.0,100000.0,29, 
secret santa gifts ,724.0,4344.0,491.0,6000.0,30, 
xmas gifts ,70.0,4914.0,265.0,70000.0,31, 
christmas presents ,71.0,6431.0,137.0,90000.0,32, 
christmas gifts,89.0,8858.0,207.0,100000.0,35, 
christmas gifts,158.0,15825.0,252.0,100000.0,43, 
holiday gifts ,307.0,30705.0,10940.0,100000.0,61, 
gifts christmas,1130.0,113012.0,28804.0,100000.0,159, 
christmas gifts ,1895.0,189513.0,279.0,100000.0,253, 
birthday gifts,3.0,311.0,-8.0,100000.0,8, 
birthday gift,3.0,311.0,37.0,100000.0,8, 
birthday plants gifts ,31.0,311.0,-7.0,10000.0,8, 
 birthday gifts unique,2.0,328.0,17.0,200000.0,8, 
friendship birthday gifts ,8.0,334.0,10.0,40000.0,8, 
gifts s birthday,2.0,334.0,9.0,200000.0,8, 
birthday gifts friendship funny,34.0,335.0,-13.0,10000.0,8, 
overnight birthday gifts ,85.0,339.0,21.0,4000.0,8, 
75th birthday gifts unique,0.0,344.0,,0.0,8, 
birthday gifts senior ,88.0,351.0,16.0,4000.0,8, 
birthday ecards ,1206.0,351.0,130.0,291.0,8, 
birthday gifts over 70,358.0,358.0,-11.0,1000.0,8, 
gift birthday ,2.0,369.0,-20.0,200000.0,8, 
fall birthday gifts ,5.0,369.0,-45.0,70000.0,8, 
23rd birthday gifts ,416.0,378.0,24.0,909.0,8, 
ladies gifts birthday,4.0,380.0,-25.0,100000.0,8, 
s gifts birthday unique,4.0,388.0,-44.0,100000.0,8, 
flowers birthday ,100.0,401.0,13.0,4000.0,8, 
friendship birthday gifts friends,13.0,404.0,-11.0,30000.0,8, 
birthday gifts funny,4.0,406.0,-11.0,100000.0,8, 
funny birthday gifts friends,6.0,410.0,12.0,70000.0,8, 
self care birthday gifts ,59.0,411.0,-5.0,7000.0,8, 
 birthday gifts,4.0,415.0,-5.0,100000.0,8, 
birthday present ,4.0,417.0,1.0,100000.0,8, 
gift birthday,2.0,427.0,-38.0,200000.0,8, 
birthday spa gifts ,108.0,431.0,-8.0,4000.0,8, 
 gifts birthday unique,4.0,431.0,-2.0,100000.0,8, 
ladies birthday gifts,4.0,436.0,1.0,100000.0,8, 
cool birthday gifts ,6.0,440.0,-4.0,70000.0,8, 
 birthday gifts friends unique,4.0,440.0,-1.0,100000.0,8, 
last minute birthday gifts ,64.0,449.0,6.0,7000.0,8, 
birthday snacks ,452.0,452.0,2.0,1000.0,8, 
birthday gift older ,5.0,454.0,-6.0,100000.0,8, 
birthday gift friend,5.0,459.0,-2.0,100000.0,8, 
birthday gift ,2.0,466.0,-13.0,200000.0,8, 
gifts birthday ,2.0,466.0,-4.0,200000.0,8, 
happy birthday flowers ,47.0,468.0,19.0,10000.0,8, 
gift birthday ,5.0,470.0,-8.0,100000.0,8, 
gifts birthday,2.0,482.0,-5.0,200000.0,9, 
birthday food gifts ,24.0,486.0,-4.0,20000.0,9, 
birthday gifts ,3.0,534.0,4.0,200000.0,9, 
cheap birthday gifts ,3.0,534.0,5.0,200000.0,9, 
gifts their birthday,6.0,573.0,51.0,100000.0,9, 
small birthday gifts ,6.0,642.0,-10.0,100000.0,10, 
ladies birthday gifts ,6.0,642.0,-17.0,100000.0,10, 
s birthday gift,3.0,644.0,-13.0,200000.0,10, 
's gifts birthday,3.0,644.0,-9.0,200000.0,10, 
birthday gifts older ,9.0,713.0,-17.0,80000.0,10, 
 gifts birthday,4.0,713.0,-18.0,200000.0,10, 
s birthday gifts friend,7.0,713.0,-2.0,100000.0,10, 
gifts friends birthday,7.0,713.0,-16.0,100000.0,10, 
gift birthday,4.0,714.0,-12.0,200000.0,10, 
friend gifts birthday,8.0,773.0,-18.0,100000.0,11, 
birthday gift ,8.0,844.0,0.0,100000.0,11, 
 birthday gift,4.0,845.0,2.0,200000.0,11, 
's birthday gifts,4.0,845.0,-21.0,200000.0,11, 
birthday candles ,141.0,847.0,87.0,6000.0,11, 
birthday gift ,5.0,907.0,1.0,200000.0,12, 
best birthday gifts ,9.0,909.0,-16.0,100000.0,12, 
fun birthday gifts ,17.0,1164.0,-7.0,70000.0,26, 
gifts birthday,6.0,1166.0,-5.0,200000.0,26, 
friends birthday gifts ,12.0,1203.0,7.0,100000.0,26, 
cute birthday gifts ,13.0,1349.0,-13.0,100000.0,26, 
gift birthday unique,14.0,1366.0,-12.0,100000.0,26, 
unique birthday gifts ,14.0,1375.0,-17.0,100000.0,27, 
 birthday gift,8.0,1533.0,-3.0,200000.0,26, 
birthday gifts ,8.0,1535.0,0.0,200000.0,26, 
birthday gift ,53.0,1586.0,-13.0,30000.0,26, 
birthday gifts over 60,588.0,1763.0,-1.0,3000.0,27, 
bestie birthday gifts ,92.0,1832.0,-7.0,20000.0,27, 
birthday candle ,380.0,2279.0,39.0,6000.0,28, 
female birthday gifts ,23.0,2279.0,10.0,100000.0,27, 
birthday presents ,24.0,2434.0,-13.0,100000.0,27, 
s birthday gifts unique,33.0,3290.0,6.0,100000.0,28, 
funny birthday gifts ,37.0,3699.0,-9.0,100000.0,30, 
 gifts birthday,41.0,4123.0,-15.0,100000.0,29, 
friend birthday gifts ,41.0,4123.0,-19.0,100000.0,30, 
s gifts birthday,21.0,4124.0,-13.0,200000.0,29, 
 birthday gifts,22.0,4344.0,-15.0,200000.0,30, 
s birthday gifts,64.0,6441.0,-10.0,100000.0,32, 
birthday gift ,64.0,6445.0,-9.0,100000.0,32, 
happy birthday gifts ,64.0,6447.0,36.0,100000.0,33, 
birthday gifts friendship,259.0,10370.0,5.0,40000.0,38, 
gifts birthday unique,150.0,14969.0,-2.0,100000.0,42, 
headed hoodies ,153.0,305.0,80.0,2000.0,8, 
hoodies girlfriend,47.0,332.0,340.0,7000.0,8, 
oversized blanket hoodie ,12.0,348.0,110.0,30000.0,8, 
oversized hoodie,18.0,355.0,68.0,20000.0,8, 
adult blanket hoodie ,12.0,358.0,1933.0,30000.0,8, 
sherpa wearable blanket ,454.0,373.0,94.0,822.0,8, 
hoodie girlfriend,54.0,376.0,-16.0,7000.0,8, 
blanket robes with hood,1272.0,383.0,1577.0,301.0,8, 
plus size blanket hoodies ,1301.0,385.0,39.0,296.0,8, 
sleep hoodies ,138.0,415.0,34.0,3000.0,8, 
blanket hoodie adults,419.0,419.0,46.0,1000.0,8, 
anxiety hoodies ,141.0,424.0,214.0,3000.0,8, 
cozy wearable blanket ,424.0,424.0,43.0,1000.0,8, 
body blanket ,605.0,442.0,136.0,731.0,8, 
wearable blanket ,452.0,452.0,65.0,1000.0,8, 
snuggle hoodies ,1020.0,452.0,718.0,443.0,8, 
blanket sweatshirt ,537.0,459.0,134.0,854.0,8, 
comfy wearable blankets ,588.0,475.0,,808.0,8, 
hoodie blankets ,482.0,482.0,19.0,1000.0,9, 
big hoodies ,16.0,644.0,19.0,40000.0,10, 
oversized hoodie blanket ,845.0,845.0,59.0,1000.0,11, 
blanket robe ,2201.0,909.0,49.0,413.0,12, 
cozy hoodies ,58.0,1164.0,42.0,20000.0,26, 
sweater blanket ,2228.0,1290.0,73.0,579.0,26, 
blanket sweaters ,2167.0,1365.0,42.0,630.0,26, 
giant hoodies ,34.0,1366.0,145.0,40000.0,26, 
blanket hoodie ,1366.0,1366.0,132.0,1000.0,27, 
wearable blanket hoodie ,1609.0,1609.0,225.0,1000.0,27, 
comfy hoodies ,4119.0,1837.0,27.0,446.0,26, 
oversized blanket hoodies ,1871.0,1837.0,141.0,982.0,26, 
warm hoodies ,232.0,2319.0,84.0,10000.0,27, 
hooded blanket ,2319.0,2319.0,634.0,1000.0,27, 
oversized hoodie ,41.0,2433.0,24.0,60000.0,27, 
hoodie blanket ,14999.0,14999.0,40.0,1000.0,42, 
wearable blankets ,18794.0,18794.0,554.0,1000.0,47, 
blanket hoodies ,19980.0,19980.0,124.0,1000.0,49, 
oversized hoodies ,474.0,23693.0,50.0,50000.0,53, 
horror movie gifts ,75.0,300.0,-8.0,4000.0,8, 
gifts relaxation ,15.0,300.0,46.0,20000.0,8, 
valentines gifts ,3.0,305.0,52.0,100000.0,8, 
soft gifts ,3.0,305.0,19.0,100000.0,8, 
solar gifts ,154.0,308.0,11.0,2000.0,8, 
's valentine's day gifts,3.0,308.0,13.0,100000.0,8, 
fall favorites gifts ,31.0,310.0,-25.0,10000.0,8, 
valentine gifts ,3.0,311.0,7.0,100000.0,8, 
national 's day gifts,103667.0,311.0,21.0,3.0,8, 
ghostface gifts ,317.0,311.0,,981.0,8, 
apartment gifts ,31.0,312.0,40.0,10000.0,8, 
popcorn gifts ,312.0,312.0,14.0,1000.0,8, 
best 's gifts,2.0,313.0,10.0,200000.0,8, 
easter gift,2099.0,317.0,29.0,151.0,8, 
thank you gifts appreciation,16.0,320.0,-2.0,20000.0,8, 
 valentines gift,3.0,322.0,12.0,100000.0,8, 
 office gifts,3.0,323.0,2.0,100000.0,8, 
cool gifts cool ,3.0,326.0,,100000.0,8, 
sourdough gifts ,0.0,330.0,,0.0,8, 
pickle lover gifts ,0.0,332.0,,0.0,8, 
homemade gifts ,84.0,334.0,51.0,4000.0,8, 
gifts girly ,33.0,334.0,173.0,10000.0,8, 
gifts nature lovers ,67.0,334.0,25.0,5000.0,8, 
gift candy ,17.0,334.0,440.0,20000.0,8, 
cute gifts,3.0,335.0,590.0,100000.0,8, 
awesome gifts ,4.0,337.0,13.0,90000.0,8, 
s small gifts,3.0,337.0,58.0,100000.0,8, 
s luxury gifts,6.0,337.0,66.0,60000.0,8, 
thanks giving gifts ,0.0,339.0,,0.0,8, 
sometimes you forget your awesome gifts ,0.0,339.0,,0.0,8, 
gift packages ,3.0,342.0,13.0,100000.0,8, 
fashion gifts ,3.0,342.0,29.0,100000.0,8, 
black gifts,3.0,344.0,40.0,100000.0,8, 
 inspirational gifts,3.0,344.0,31.0,100000.0,8, 
teachers gifts ,3.0,346.0,-7.0,100000.0,8, 
 pampering gifts,69.0,346.0,61.0,5000.0,8, 
s pampering gifts,69.0,346.0,29.0,5000.0,8, 
garden gifts ,9.0,349.0,77.0,40000.0,8, 
gifts minimalist ,17.0,349.0,1041.0,20000.0,8, 
gifts nerdy ,349.0,349.0,268.0,1000.0,8, 
gifts co workers ,2.0,349.0,191.0,200000.0,8, 
gifts nurses female unique,433.0,349.0,230.0,806.0,8, 
best white elephant gifts ,4.0,351.0,42.0,100000.0,8, 
college gifts ,4.0,357.0,80.0,80000.0,8, 
floral gifts ,4.0,357.0,4.0,100000.0,8, 
gifts depressed ,491.0,357.0,222.0,727.0,8, 
functional gifts ,4.0,357.0,82.0,100000.0,8, 
gifts to cheer someone up ,357.0,357.0,-13.0,1000.0,8, 
small gifts ,2.0,360.0,176.0,200000.0,8, 
 gifts ,4.0,360.0,78.0,100000.0,8, 
kitchen gifts unique,6.0,362.0,,60000.0,8, 
gifts ,5.0,364.0,255.0,80000.0,8, 
warm and cozy gifts ,12.0,365.0,4.0,30000.0,8, 
gifts funny,4.0,369.0,-2.0,100000.0,8, 
gifts females,2.0,371.0,80.0,200000.0,8, 
gifts practical ,5.0,371.0,43.0,80000.0,8, 
small thank you gifts ,4.0,373.0,8.0,90000.0,8, 
s spa gifts,37.0,373.0,20.0,10000.0,8, 
topaz gifts ,0.0,373.0,,0.0,8, 
pamper yourself gifts ,374.0,374.0,4.0,1000.0,8, 
mahjong gifts unique,0.0,374.0,,0.0,8, 
nursing graduation gifts ,0.0,374.0,,0.0,8, 
gifts mexican ,19.0,376.0,58.0,20000.0,8, 
 gifts ,4.0,376.0,9.0,100000.0,8, 
all natural gifts ,4.0,378.0,136.0,100000.0,8, 
gender neutral adult gifts,593.0,381.0,89.0,642.0,8, 
gifts cold ,4.0,381.0,22.0,100000.0,8, 
friendship gifts bulk,0.0,381.0,,0.0,8, 
 relaxation gifts,38.0,383.0,-10.0,10000.0,8, 
blanket gifts ,38.0,383.0,6.0,10000.0,8, 
your awesome gifts ,1321.0,383.0,24.0,290.0,8, 
nerd gifts ,77.0,385.0,153.0,5000.0,8, 
sleep gifts ,6.0,385.0,27.0,70000.0,8, 
gifts stoners ,194.0,387.0,19.0,2000.0,8, 
fun gifts unique,6.0,387.0,75.0,60000.0,8, 
technology gifts ,6.0,388.0,29.0,70000.0,8, 
personal gifts ,4.0,390.0,9.0,100000.0,8, 
host gifts ,130.0,390.0,42.0,3000.0,8, 
get well gift ,4.0,392.0,11.0,90000.0,8, 
postpartum gifts ,197.0,394.0,474.0,2000.0,8, 
college student gifts ,4.0,397.0,200.0,100000.0,8, 
cute small gifts ,4.0,397.0,18.0,100000.0,8, 
prizes ,40.0,399.0,39.0,10000.0,8, 
unusual 's gifts,80.0,399.0,353.0,5000.0,8, 
drinking gifts ,6.0,401.0,-28.0,70000.0,8, 
gifts creative ,4.0,401.0,165.0,100000.0,8, 
gifts professional ,2.0,401.0,-6.0,200000.0,8, 
relaxation gifts,40.0,403.0,346.0,10000.0,8, 
beauty gifts,4.0,403.0,232.0,100000.0,8, 
funny gifts,4.0,404.0,9.0,100000.0,8, 
perfect gifts ,2.0,404.0,87.0,200000.0,8, 
turtles gifts ,40.0,404.0,-5.0,10000.0,8, 
gifts working ,10.0,406.0,-9.0,40000.0,8, 
foodie gifts ,410.0,410.0,95.0,1000.0,8, 
auntie gifts ,21.0,410.0,235.0,20000.0,8, 
feel good gifts ,4.0,413.0,9.0,100000.0,8, 
party gifts ,4.0,413.0,0.0,100000.0,8, 
relax gifts ,5.0,419.0,-2.0,90000.0,8, 
traveling gifts ,10.0,419.0,-4.0,40000.0,8, 
hits gifts,47.0,420.0,20.0,9000.0,8, 
gift items ,4.0,424.0,10.0,100000.0,8, 
lady gifts ,2.0,424.0,27.0,200000.0,8, 
gifts bougie ,424.0,424.0,24.0,1000.0,8, 
roses gifts ,5.0,426.0,57.0,90000.0,8, 
classy gifts ,7.0,427.0,79.0,60000.0,8, 
cute little gifts ,4.0,427.0,18.0,100000.0,8, 
organization gifts ,43.0,429.0,61.0,10000.0,8, 
work from home gifts ,14.0,429.0,19.0,30000.0,8, 
gifts ,4.0,431.0,177.0,100000.0,8, 
consumable gifts ,860.0,431.0,159.0,501.0,8, 
support gifts ,4.0,431.0,24.0,100000.0,8, 
best gifts outdoorsy ,454.0,431.0,11.0,950.0,8, 
healthy gifts ,22.0,433.0,2.0,20000.0,8, 
prosecco gifts ,1417.0,435.0,61.0,307.0,8, 
gifts college ,5.0,435.0,51.0,90000.0,8, 
leadership gifts ,109.0,436.0,37.0,4000.0,8, 
gifts caregivers ,218.0,436.0,25.0,2000.0,8, 
cool gifts female friends,5.0,436.0,-41.0,90000.0,8, 
bee themed gifts ,218.0,436.0,76.0,2000.0,8, 
np gifts ,218.0,436.0,79.0,2000.0,8, 
small s gifts,4.0,438.0,73.0,100000.0,8, 
s unique gifts,4.0,440.0,2798.0,100000.0,8, 
nature gifts ,22.0,442.0,40.0,20000.0,8, 
's accessory gifts,4.0,445.0,,100000.0,8, 
present ,4.0,447.0,24.0,100000.0,8, 
duck gifts ,45.0,447.0,45.0,10000.0,8, 
bride gifts ,9.0,447.0,,50000.0,8, 
flower gifts ,4.0,449.0,-3.0,100000.0,8, 
natural gifts ,5.0,450.0,58.0,100000.0,8, 
nivea gift ,3348.0,452.0,26.0,135.0,8, 
hygge gifts ,806.0,452.0,38.0,561.0,8, 
best pickleball gifts ,90.0,452.0,,5000.0,8, 
gifts single ,15.0,454.0,32.0,30000.0,8, 
traveler gifts ,46.0,456.0,64.0,10000.0,8, 
going away gifts ,46.0,456.0,34.0,10000.0,8, 
favorite things gifts ,91.0,456.0,205.0,5000.0,8, 
elegant gifts ,5.0,459.0,37.0,100000.0,8, 
gift kits ,9.0,461.0,0.0,50000.0,8, 
gift package ,5.0,461.0,-2.0,100000.0,8, 
garden decor gifts ,58.0,461.0,93.0,8000.0,8, 
gender neutral gifts,66.0,463.0,539.0,7000.0,8, 
alcohol gifts ,47.0,466.0,4.0,10000.0,8, 
pamper gifts ,93.0,466.0,2.0,5000.0,8, 
gifts ,703.0,466.0,440.0,663.0,8, 
pampering gifts ,94.0,468.0,2.0,5000.0,8, 
gifts cooks ,47.0,468.0,48.0,10000.0,8, 
gifts fir ,2.0,470.0,13.0,200000.0,8, 
adult gifts,5.0,472.0,78.0,100000.0,8, 
aesthetic gifts ,9.0,472.0,8.0,50000.0,8, 
household gifts ,47.0,473.0,56.0,10000.0,8, 
artsy gifts ,237.0,473.0,11.0,2000.0,8, 
wicked gifts ,237.0,473.0,,2000.0,8, 
same day delivery gifts ,475.0,475.0,15.0,1000.0,8, 
candy gifts ,16.0,475.0,2.0,30000.0,8, 
gifts office ,5.0,475.0,28.0,100000.0,8, 
stocking gifts ,10.0,475.0,253.0,50000.0,8, 
overnight gifts ,95.0,475.0,-1.0,5000.0,8, 
positive affirmation gifts ,68.0,475.0,186.0,7000.0,8, 
unique s gifts,5.0,481.0,29.0,100000.0,9, 
weird gifts ,80.0,481.0,10.0,6000.0,9, 
com forting gifts ,60.0,481.0,1.0,8000.0,9, 
female gifts ,5.0,481.0,5.0,100000.0,9, 
gift packs ,5.0,482.0,80.0,100000.0,9, 
emotional support gifts ,121.0,482.0,8.0,4000.0,9, 
random gifts ,121.0,484.0,5.0,4000.0,9, 
secretary gifts ,161.0,484.0,67.0,3000.0,9, 
tiny gifts ,12.0,486.0,71.0,40000.0,9, 
boho gifts unique,24.0,486.0,31.0,20000.0,9, 
comfy gifts ,6.0,571.0,28.0,100000.0,9, 
hand made gifts ,6.0,571.0,56.0,100000.0,9, 
garden gifts unique,82.0,571.0,7.0,7000.0,9, 
adult gifts ,6.0,573.0,26.0,100000.0,9, 
bundle gifts ,57.0,573.0,16.0,10000.0,9, 
creative gifts ,6.0,573.0,8.0,100000.0,9, 
warm gifts ,6.0,573.0,137.0,100000.0,9, 
gifts unique,6.0,573.0,47.0,100000.0,9, 
plants gifts ,19.0,574.0,27.0,30000.0,9, 
organic gifts ,64.0,642.0,16.0,10000.0,10, 
mexican gifts ,32.0,642.0,6.0,20000.0,10, 
hosting gifts ,321.0,642.0,74.0,2000.0,10, 
home gifts ,6.0,644.0,14.0,100000.0,10, 
gift bundles ,64.0,644.0,12.0,10000.0,10, 
gifts unique,6.0,644.0,20.0,100000.0,10, 
best adult gifts,6.0,644.0,21.0,100000.0,10, 
outdoor gifts ,7.0,713.0,21.0,100000.0,10, 
nice gifts ,7.0,713.0,4.0,100000.0,10, 
silly gifts ,178.0,713.0,10.0,4000.0,10, 
joke gifts ,89.0,713.0,28.0,8000.0,10, 
crochet gifts ,71.0,713.0,28.0,10000.0,10, 
halloween gifts ,7.0,713.0,-21.0,100000.0,10, 
popular gifts ,12.0,713.0,16.0,60000.0,10, 
nerdy gifts ,357.0,713.0,37.0,2000.0,10, 
rose gifts ,8.0,713.0,9.0,90000.0,10, 
's gift s,7.0,714.0,25.0,100000.0,10, 
 gifts,8.0,773.0,37.0,100000.0,11, 
outdoorsy gifts ,773.0,773.0,23.0,1000.0,11, 
 self care gifts,77.0,773.0,41.0,10000.0,11, 
boujee gifts ,773.0,773.0,19.0,1000.0,11, 
funny candles friends,387.0,773.0,27.0,2000.0,11, 
naughty gifts ,141.0,844.0,19.0,6000.0,11, 
pick me up gifts ,211.0,844.0,-10.0,4000.0,11, 
best gifts who have everything,84.0,844.0,26.0,10000.0,11, 
destress gifts ,4284.0,844.0,11.0,197.0,11, 
good gifts ,4.0,845.0,40.0,200000.0,11, 
unusual gifts who have everything,2600.0,845.0,44.0,325.0,11, 
little gifts ,4.0,847.0,20.0,200000.0,11, 
gifts friends,9.0,907.0,28.0,100000.0,12, 
encouraging gifts ,30.0,907.0,6.0,30000.0,12, 
gifts adult ,9.0,907.0,31.0,100000.0,12, 
red gifts ,9.0,907.0,22.0,100000.0,12, 
s self care gifts,91.0,907.0,32.0,10000.0,12, 
booktok gifts ,907.0,907.0,,1000.0,12, 
gift guide ,130.0,909.0,110.0,7000.0,12, 
handmade gifts ,9.0,909.0,63.0,100000.0,12, 
new home gifts ,15.0,916.0,146.0,60000.0,12, 
unique gifts who have everything,261.0,1044.0,51.0,4000.0,25, 
gifts female friends,11.0,1101.0,61.0,100000.0,26, 
gifts female boss,115.0,1148.0,3.0,10000.0,26, 
best teacher gifts ,12.0,1163.0,41.0,100000.0,26, 
bougie gifts ,1163.0,1163.0,54.0,1000.0,26, 
 gift s,12.0,1164.0,53.0,100000.0,26, 
s gift s,12.0,1164.0,86.0,100000.0,26, 
ladies gifts ,6.0,1164.0,67.0,200000.0,26, 
great gifts ,12.0,1166.0,28.0,100000.0,26, 
â€™s gifts,12.0,1209.0,68.0,100000.0,26, 
positive gifts ,40.0,1210.0,70.0,30000.0,26, 
bay gifts ,121.0,1210.0,44.0,10000.0,26, 
teacher appreciation gifts ,40.0,1212.0,103.0,30000.0,29, 
bunco gifts ,1398.0,1285.0,58.0,919.0,27, 
trending gifts ,129.0,1288.0,69.0,10000.0,26, 
quirky gifts ,323.0,1290.0,88.0,4000.0,26, 
garden gifts ,34.0,1340.0,30.0,40000.0,26, 
grieving gifts ,670.0,1340.0,,2000.0,26, 
gifts ladies,7.0,1365.0,59.0,200000.0,26, 
yellow gifts ,23.0,1365.0,3.0,60000.0,26, 
boho gifts ,20.0,1375.0,34.0,70000.0,27, 
 gifts,7.0,1379.0,52.0,200000.0,26, 
promotion gifts ,158.0,1581.0,-3.0,10000.0,30, 
girl gifts ,16.0,1581.0,1.0,100000.0,26, 
s gifts unique,16.0,1582.0,-2.0,100000.0,26, 
mini gifts ,32.0,1584.0,69.0,50000.0,26, 
sunshine gifts ,226.0,1584.0,148.0,7000.0,27, 
inexpensive gifts ,79.0,1586.0,72.0,20000.0,26, 
ladies gifts,16.0,1586.0,29.0,100000.0,26, 
you got this gifts ,161.0,1613.0,-5.0,10000.0,27, 
gifts plant lovers ,161.0,1613.0,46.0,10000.0,26, 
gifts ,9.0,1767.0,38.0,200000.0,26, 
tech gifts ,61.0,1825.0,72.0,30000.0,26, 
plant gifts ,61.0,1836.0,24.0,30000.0,27, 
friends gifts ,18.0,1839.0,34.0,100000.0,26, 
pampering gift ,415.0,2073.0,2.0,5000.0,27, 
cheer up gifts ,215.0,2147.0,-2.0,10000.0,28, 
girly gifts ,215.0,2147.0,104.0,10000.0,27, 
gender neutral gifts adults,2752.0,2279.0,135.0,828.0,27, 
home decor gifts ,23.0,2284.0,205.0,100000.0,27, 
gifts travelers ,232.0,2316.0,22.0,10000.0,27, 
unisex gifts,24.0,2429.0,146.0,100000.0,27, 
unusual gifts ,608.0,2431.0,31.0,4000.0,27, 
office gifts ,24.0,2431.0,21.0,100000.0,27, 
turtle gifts ,243.0,2431.0,23.0,10000.0,31, 
friendship gifts friends,61.0,2431.0,14.0,40000.0,29, 
encouragement gifts ,61.0,2433.0,3.0,40000.0,29, 
fall gifts ,24.0,2433.0,-39.0,100000.0,28, 
 gifts unique,24.0,2434.0,24.0,100000.0,27, 
practical gifts ,30.0,2434.0,53.0,80000.0,27, 
cool gifts ,27.0,2707.0,29.0,100000.0,27, 
top gifts ,30.0,2984.0,65.0,100000.0,28, 
gifts christian ,62.0,3088.0,22.0,50000.0,28, 
clever gifts ,515.0,3090.0,120.0,6000.0,28, 
kitchen gifts ,33.0,3306.0,47.0,100000.0,28, 
beauty gifts ,33.0,3313.0,54.0,100000.0,28, 
presents ,35.0,3457.0,18.0,100000.0,28, 
useful gifts ,115.0,3457.0,37.0,30000.0,28, 
monogrammed gifts ,687.0,4124.0,45.0,6000.0,31, 
fun gifts ,42.0,4167.0,25.0,100000.0,29, 
housewarming gifts ,87.0,4339.0,143.0,50000.0,30, 
thanksgiving gifts ,43.0,4342.0,410.0,100000.0,29, 
witchy gifts ,869.0,4344.0,34.0,5000.0,31, 
candles gifts ,521.0,4688.0,330.0,9000.0,33, 
white elephant gifts ,587.0,4693.0,701.0,8000.0,30, 
best gifts ,25.0,4902.0,34.0,200000.0,30, 
cute gifts ,54.0,5430.0,17.0,100000.0,31, 
bestie gifts ,272.0,5433.0,25.0,20000.0,32, 
gifts friends ,57.0,5722.0,12.0,100000.0,31, 
cozy gifts ,71.0,6429.0,58.0,90000.0,32, 
friend gifts ,64.0,6436.0,22.0,100000.0,33, 
coolest gifts ,1074.0,6443.0,45.0,6000.0,32, 
dachshund gifts ,695.0,6952.0,123.0,10000.0,36, 
gift,86.0,8620.0,87.0,100000.0,34, 
relaxation gifts ,443.0,8854.0,8.0,20000.0,35, 
gardening gifts ,512.0,10238.0,42.0,20000.0,41, 
inspirational gifts ,117.0,10546.0,9.0,90000.0,39, 
relaxing gifts ,183.0,12787.0,795.0,70000.0,39, 
small gifts ,135.0,13485.0,49.0,100000.0,40, 
friendship gifts ,365.0,18252.0,8.0,50000.0,50, 
get well gifts ,243.0,19470.0,-7.0,80000.0,50, 
personalized gifts ,237.0,23713.0,59.0,100000.0,54, 
unique gifts ,241.0,24078.0,42.0,100000.0,54, 
gifts who have everything,2481.0,24809.0,137.0,10000.0,55, 
anniversary gifts ,361.0,36115.0,-12.0,100000.0,67, 
spa gifts ,4626.0,92529.0,1572.0,20000.0,138, 
funny snuggies adults,950.0,302.0,5.0,318.0,8, 
hooded blankets adults,376.0,376.0,149.0,1000.0,8, 
blanket with sleeves ,558.0,406.0,101.0,727.0,8, 
funny blankets ,222.0,443.0,339.0,2000.0,8, 
blanket with sleeves adults,542.0,465.0,3.0,858.0,8, 
suitcase covers luggage,4276.0,12827.0,-25.0,3000.0,42, 
$15 gifts ,4.0,301.0,83.0,80000.0,8, 
s gifts 10 dollars,3.0,301.0,143.0,100000.0,8, 
10-15 dollar gifts ,31.0,310.0,0.0,10000.0,8, 
15 gift ,3.0,323.0,,100000.0,8, 
unique gifts 20 year old female,0.0,330.0,,0.0,8, 
$20 gifts ,3.0,337.0,86.0,100000.0,8, 
gifts cheap,2.0,342.0,285.0,200000.0,8, 
best gifts 24 year old ,0.0,344.0,,0.0,8, 
20.00 gifts ,4.0,351.0,410.0,100000.0,8, 
cool gifts young ,0.0,358.0,,0.0,8, 
gifts 30s,182.0,364.0,-12.0,2000.0,8, 
15.00 gifts ,4.0,378.0,49.0,100000.0,8, 
20 gifts christmas,0.0,378.0,,0.0,8, 
christmas gifts young 20- 25,1198.0,381.0,1453.0,318.0,8, 
50 dollar gifts ,192.0,383.0,492.0,2000.0,8, 
gifts young adults 18-25 ,832.0,387.0,36.0,465.0,8, 
gifts young ,5.0,410.0,20.0,80000.0,8, 
gifts 23 year old ,905.0,410.0,558.0,453.0,8, 
christmas gifts 30 year old ,82.0,410.0,34.0,5000.0,8, 
best gifts in their 40s,1543.0,415.0,-3.0,269.0,8, 
gifts over 40,83.0,417.0,26.0,5000.0,8, 
cheap gifts,4.0,424.0,131.0,100000.0,8, 
gifts a 25 year old ,510.0,424.0,20.0,832.0,8, 
christmas gifts in their 40s,216.0,431.0,179.0,2000.0,8, 
25 gifts unique,62.0,431.0,,7000.0,8, 
christmas gifts 19 year old female,1190.0,433.0,1257.0,364.0,8, 
gifts in their 50s,1148.0,435.0,18.0,379.0,8, 
top gifts in their 20s,1833.0,438.0,,239.0,8, 
30 gifts ,4.0,442.0,33.0,100000.0,8, 
10 dollar gifts ,74.0,445.0,239.0,6000.0,8, 
gifts 26 year old ,1146.0,447.0,2.0,390.0,8, 
25 dollar gifts ,152.0,456.0,92.0,3000.0,8, 
5.00 gifts ,5.0,463.0,395.0,100000.0,8, 
gifts middle aged ,573.0,470.0,28.0,820.0,8, 
gifts 25 year old ,548.0,475.0,-2.0,867.0,8, 
10 dollar gifts ,79.0,475.0,36.0,6000.0,8, 
10.00 gifts ,5.0,481.0,209.0,100000.0,9, 
15 gifts ,5.0,482.0,1311.0,100000.0,9, 
best gifts 28 year old ,1492.0,482.0,1.0,323.0,9, 
gifts in their 30s,906.0,484.0,100.0,534.0,9, 
20 dollar gifts ,161.0,642.0,608.0,4000.0,10, 
25 gifts ,6.0,644.0,324.0,100000.0,10, 
20 gifts ,6.0,644.0,147.0,100000.0,10, 
15 dollar gifts ,178.0,713.0,411.0,4000.0,10, 
gifts young adult ,102.0,713.0,77.0,7000.0,10, 
cool gifts in their 20s,1273.0,713.0,9.0,560.0,10, 
young 's gifts,10.0,773.0,34.0,80000.0,11, 
30 christmas gifts ,85.0,845.0,86.0,10000.0,11, 
$10 gifts ,9.0,907.0,45.0,100000.0,12, 
20 christmas gifts ,11.0,909.0,131.0,80000.0,12, 
christmas gifts in their 20s,2480.0,1101.0,151.0,444.0,26, 
5 gifts ,13.0,1283.0,58.0,100000.0,26, 
gifts 19 year old female,1874.0,1338.0,29.0,714.0,26, 
10 gifts ,14.0,1366.0,87.0,100000.0,26, 
gifts over 50,264.0,1586.0,44.0,6000.0,26, 
gifts 20 year old female,1827.0,1827.0,11.0,1000.0,28, 
gifts in their 20s,3840.0,2431.0,122.0,633.0,27, 
gifts young 20- 25,2686.0,2686.0,62.0,1000.0,27, 
young adult gifts ,473.0,3308.0,418.0,7000.0,28, 
gifts 30s,3310.0,3310.0,37.0,1000.0,28, 
unique gifts over 50,1740.0,3480.0,48.0,2000.0,28, 
cheap gifts ,36.0,3641.0,50.0,100000.0,29, 
gifts young ,58.0,4679.0,62.0,80000.0,30, 
comfy ,49.0,342.0,56.0,7000.0,8, 
gift office ,2.0,301.0,45.0,200000.0,8, 
gift adult ,2.0,301.0,13.0,200000.0,8, 
gifts unique,3.0,301.0,-24.0,100000.0,8, 
gift nature lover ,60.0,302.0,8.0,5000.0,8, 
 gift anniversary,3.0,309.0,12.0,100000.0,8, 
gift bestie ,10.0,311.0,99.0,30000.0,8, 
gift female boss,31.0,314.0,32.0,10000.0,8, 
cheap gifts,3.0,315.0,33.0,100000.0,8, 
gift young adult ,48.0,334.0,143.0,7000.0,8, 
90 year old female gifts,337.0,337.0,-11.0,1000.0,8, 
gift ,3.0,342.0,247.0,100000.0,8, 
gift middle aged ,467.0,349.0,37.0,748.0,8, 
christmas gifts senior ,0.0,349.0,,0.0,8, 
co worker gifts funny,0.0,349.0,,0.0,8, 
mail lady gifts,51.0,355.0,123.0,7000.0,8, 
cute gift ,2.0,358.0,231.0,200000.0,8, 
gifts the elderly ,53.0,369.0,6.0,7000.0,8, 
vintage gifts unique,12.0,373.0,93.0,30000.0,8, 
's gifts,1.0,383.0,307.0,300000.0,8, 
gifts a traveler ,55.0,387.0,-4.0,7000.0,8, 
gift older ,6.0,392.0,22.0,70000.0,8, 
gift 22 year old female,879.0,392.0,-6.0,446.0,8, 
ladies gift,2.0,396.0,-1.0,200000.0,8, 
personalised gift ,79.0,396.0,3.0,5000.0,8, 
gifts lady who has everything,83.0,417.0,-2.0,5000.0,8, 
small gift ,4.0,429.0,12.0,100000.0,8, 
funny gift ,4.0,440.0,33.0,100000.0,8, 
gifts seniors ,45.0,449.0,70.0,10000.0,8, 
gift friends ,5.0,458.0,126.0,100000.0,8, 
gift friend,2.0,459.0,1.0,200000.0,8, 
 care package gift,23.0,459.0,4.0,20000.0,8, 
gift unique,5.0,461.0,11.0,100000.0,8, 
popular gifts senior ,1043.0,463.0,33.0,444.0,8, 
mini gift ,23.0,468.0,81.0,20000.0,8, 
lady gifts,2.0,468.0,15.0,200000.0,8, 
gift who has everything,81.0,484.0,7.0,6000.0,9, 
christmas gift ,5.0,534.0,67.0,100000.0,9, 
gifts old ,7.0,535.0,18.0,80000.0,9, 
gifts over 70,321.0,642.0,12.0,2000.0,10, 
gift travelers ,64.0,642.0,0.0,10000.0,10, 
gift over 50,107.0,642.0,11.0,6000.0,10, 
small gift ,3.0,644.0,16.0,200000.0,10, 
gift young ,7.0,713.0,14.0,100000.0,10, 
gifts older over 80,713.0,713.0,17.0,1000.0,10, 
gift friend,4.0,773.0,27.0,200000.0,11, 
best old lady gifts,30.0,909.0,61.0,30000.0,12, 
gifts in their 60s,2102.0,1108.0,43.0,527.0,26, 
gifts a 80 year old ,582.0,1164.0,28.0,2000.0,26, 
unique gifts senior ,583.0,1166.0,-15.0,2000.0,26, 
gift teachers ,12.0,1209.0,19.0,100000.0,26, 
vintage gifts ,14.0,1287.0,54.0,90000.0,26, 
gift older ,18.0,1290.0,28.0,70000.0,26, 
best gifts over 70,767.0,1533.0,-5.0,2000.0,26, 
cool gifts 50 year old ,1586.0,1586.0,-3.0,1000.0,27, 
coolest gift ,265.0,1588.0,0.0,6000.0,26, 
gifts older over 70,1832.0,1832.0,32.0,1000.0,26, 
co worker gifts ,115.0,3449.0,47.0,30000.0,28, 
gifts elderly ,522.0,4176.0,51.0,8000.0,29, 
gifts older ,81.0,5653.0,58.0,70000.0,31, 
silly headbands ,569.0,308.0,333.0,541.0,8, 
fun ,3.0,316.0,17.0,100000.0,8, 
luggage cubes ,0.0,341.0,,0.0,8, 
funny headbands ,73.0,364.0,19.0,5000.0,8, 
side satchel bags ,125.0,374.0,-6.0,3000.0,8, 
cool things ,8.0,401.0,82.0,50000.0,8, 
cluci sling bag ,2104.0,406.0,-8.0,193.0,8, 
over the shoulder fanny pack ,206.0,411.0,11.0,2000.0,8, 
winter necessities ,435.0,435.0,64.0,1000.0,8, 
fun headbands ,48.0,436.0,-1.0,9000.0,8, 
cool stuff guys,111.0,442.0,2.0,4000.0,8, 
fun stuff ,23.0,452.0,2.0,20000.0,8, 
huddy ,938.0,454.0,4.0,484.0,8, 
winter stuff ,46.0,458.0,29.0,10000.0,8, 
fun things ,58.0,466.0,35.0,8000.0,8, 
comfort items ,5.0,481.0,6.0,100000.0,9, 
snail headband washing face,939.0,535.0,-5.0,570.0,9, 
side purse crossbody,71.0,714.0,40.0,10000.0,10, 
lighters ,454.0,907.0,137.0,2000.0,12, 
packing cubes ,1689.0,907.0,104.0,537.0,12, 
cute stuff ,13.0,1283.0,37.0,100000.0,26, 
rose ,14.0,1366.0,-12.0,100000.0,26, 
cool stuff girls,183.0,1832.0,-2.0,10000.0,26, 
cool gadgets ,537.0,2147.0,24.0,4000.0,27, 
cluci crossbody bags ,19005.0,4124.0,-18.0,217.0,29, 
stuff girls,71.0,6431.0,8.0,90000.0,32, 
fuzzy socks  ,"43,910","131,731",90," 3,000",188,
winter fuzzy socks  ,388,388,"1,249"," 1,000",8,
presents  ,35,"3,457",18," 100,000",28,
travel supplies  ,9,378,9," 40,000",8,
massager  ,161,644,13," 4,000",10,
fluffy socks  ,357,713,35," 2,000",10,
fuzzy socks   bulk,690,"2,071",174," 3,000",27,
travel organizer bags  ,19,571,n/a," 30,000",9,
travel needs  ,4,378,-6," 100,000",8,
cool gadgets  ,537,"2,147",24," 4,000",27,
hoodie blankets  ,482,482,19," 1,000",9,
travel packing bags  ,150,449,"6,133"," 3,000",8,
stockings stuffers  ,115,"3,451",134," 30,000",28,
travel stuff  ,7,346,-21," 50,000",8,
travel must haves  ,61,"1,836",-8," 30,000",26,
birthday care packages  ,15,461,-5," 30,000",8,
traveling essentials  ,99,"2,982",18," 30,000",28,
care package  ,124,"11,199",5," 90,000",41,
pretty coffee mugs  ,134,535,20," 4,000",9,
warm fuzzy socks  ,"1,729","3,457",96," 2,000",28,
silly headbands  ,569,308,333,541,8,
big hoodies  ,16,644,19," 40,000",10,
travel gear  ,7,373,-22," 50,000",8,
winter socks  ,"2,095","20,946",109," 10,000",49,
spa socks  ,"1,382","1,285",15, 930,26,
thick socks  ,23,909,28," 40,000",12,
hooded blanket  ,"2,319","2,319",634," 1,000",27,
comfy hoodies  ,"4,119","1,837",27,446,26,
funny headbands  ,73,364,19," 5,000",8,
socks   winter,57,571,26," 10,000",9,
travel  ,4,426,12," 100,000",8,
blanket sweaters  ,"2,167","1,365",42, 630,26,
cozy hoodies  ,58,"1,164",42," 20,000",26,
chemo socks  ,975,308,-7, 316,8,
muk luk socks  ,"17,804","4,914",130,276,30,
birthday candle  ,380,"2,279",39," 6,000",28,
birthday candles  ,141,847,87," 6,000",11,
sweater blanket  ,"2,228","1,290",73, 579,26,
10 dollar items  ,71,714,73," 10,000",10,
warm winter socks  ,183,"1,832",107," 10,000",26,
fuzzy winter socks  ,466,466,53," 1,000",8,
warming socks  ,"1,366","1,366",89," 1,000",26,
packing cubes  ,"1,689",907,104, 537,12,
cool things  ,8,401,82," 50,000",8,
funny blankets  ,222,443,339," 2,000",8,
comfort items  ,5,481,6," 100,000",9,
winter stockings  ,692,"3,460",77," 5,000",28,
giant hoodies  ,34,"1,366",145," 40,000",26,
winter stuff  ,46,458,29," 10,000",8,
hoodie blanket  ,"14,999","14,999",40," 1,000",42,
wearable blankets  ,"18,794","18,794",554," 1,000",47,
cute winter socks  ,114,456,73," 4,000",8,
pamper set  ,51,304,-11," 6,000",8,
cozy winter socks  ,241,482,460," 2,000",9,
socks   warm,42,419,37," 10,000",8,
birthday ecards  ,"1,206",351,130,291,8,
socks   thick,7,360,183," 50,000",8,
warm socks   winter,644,"6,438",179," 10,000",32,
blanket hoodies  ,"19,980","19,980",124," 1,000",49,
bulk fuzzy socks  ,302,907,55," 3,000",12,
oversized hoodie blanket  ,845,845,59," 1,000",11,
travel organizers  ,58,"2,319",494," 40,000",27,
college care package  ,669,438,n/a, 655,8,
soft winter socks  ,54,380,236," 7,000",8,
fun fuzzy socks  ,235,470,299," 2,000",8,
trip essentials  ,15,459,-2," 30,000",8,
care boxes  ,13,401,-1," 30,000",8,
oversized blanket hoodie  ,12,348,110," 30,000",8,
stocking stuffers   unique,69,484,41," 7,000",9,
blanket hoodie  ,"1,366","1,366",132," 1,000",27,
travel hacks  ,"1,309",419,-7,320,8,
shower bombs   relaxing,551,450,144, 817,8,
birthday snacks  ,452,452,2," 1,000",8,
sleep hoodies  ,138,415,34," 3,000",8,
self care essentials  ,89,445,8," 5,000",8,
airport essentials  ,94,468,16," 5,000",8,
cloud socks  ,158,475,1," 3,000",8,
soft ankle socks  ,44,443,3," 10,000",8,
oversized blanket hoodies  ,"1,871","1,837",141, 982,26,
funny candles   friends,387,773,27," 2,000",11,
adult blanket hoodie  ,12,358,"1,933"," 30,000",8,
travel accessories   must haves,71,713,43," 10,000",10,
travel finds   2024,308,308,53," 1,000",8,
plant accessories  ,18,534,n/a," 30,000",9,
shower streamers  ,"4,074",440,n/a,108,8,
luggage cubes  ,0,341,n/a,0,8,
travel accessories  ,64,"6,447",28," 100,000",32,
gadgets  ,412,"4,123",25," 10,000",29,
stocking stuffers  ,"6,042","181,251",359," 30,000",241,
cute mugs  ,232,"2,318",42," 10,000",28,
cozy items  ,18,358,-4," 20,000",8,
lounge socks  ,574,574,22," 1,000",9,
travel gadgets  ,59,475,56," 8,000",8,
care packages  ,7,642,-6," 90,000",10,
comfortable socks  ,9,534,1," 60,000",9,
lotion set  ,114,456,107," 4,000",8,
cozy socks  ,"8,106","24,317",105," 3,000",54,
vacation essentials  ,121,"2,429",26," 20,000",27,
chenille socks  ,"1,501",644,65, 429,10,
softest socks  ,5,426,99," 80,000",8,
fleece socks  ,84,334,57," 4,000",8,
necessities  ,11,341,-17," 30,000",8,
fussy socks  ,"4,846","1,163",57,240,26,
heavy socks  ,135,404,79," 3,000",8,
cute fuzzy socks  ,"2,316","2,316",85," 1,000",27,
fur socks  ,"1,046",431,61,412,8,
oversized hoodies  ,474,"23,693",50," 50,000",53,
things  ,24,"2,431",28," 100,000",27,
cheap stocking stuffers  ,24,713,408," 30,000",10,
bulk stocking stuffers  ,45,907,369," 20,000",12,
cute warm socks  ,65,388,148," 6,000",8,
fun  ,3,316,17," 100,000",8,
unique stocking stuffers  ,58,461,565," 8,000",8,
military care packages  ,"3,293",303,73,92,8,
cozy fuzzy socks  ,381,381,141," 1,000",8,
warm cozy socks  ,322,644,35," 2,000",10,
comfy socks  ,47,470,20," 10,000",8,
fuzzy socks   size 11,342,342,345," 1,000",8,
stocking stuffers   bulk,42,845,152," 20,000",11,
best stocking stuffers  ,16,472,609," 30,000",8,
fuzzy socks   fall,553,420,-3, 759,8,
soft fuzzy socks  ,423,845,55," 2,000",11,
soft socks   fuzzy,791,"1,582",71," 2,000",26,
cozy boot socks  ,188,376,39," 2,000",8,
fuzzy halloween socks  ,301,301,41," 1,000",8,
fall fuzzy socks  ,464,387,-22, 834,8,
soft socks  ,91,"3,641",39," 40,000",29,
soft fluffy socks  ,373,373,92," 1,000",8,
holiday stocking stuffers  ,59,355,109," 6,000",8,
heavy socks   winter,237,473,115," 2,000",8,
fleece socks   winter,215,644,162," 3,000",10,
travel necessities  ,64,"1,285",60," 20,000",26,
side purse   crossbody,71,714,40," 10,000",10,
cosmetic bags   travel set,228,"1,366",43," 6,000",26,
thick fuzzy socks  ,227,454,63," 2,000",8,
fuzzy crew socks  ,438,438,201," 1,000",8,
beach trip essentials  ,62,373,-1," 6,000",8,
europe travel essentials  ,907,907,18," 1,000",12,
shower bombs   aromatherapy,"3,250","2,431",74, 748,27,
carry on essentials  ,44,442,-2," 10,000",8,
solo travel essentials  ,21,411,-6," 20,000",8,
stocking stuffers   2024,"7,929","15,858","1,136"," 2,000",43,
depression relief items  ,0,335,n/a,0,8,
mug  ,12,466,4," 40,000",8,
cute coffee cups  ,47,466,58," 10,000",8,
present  ,4,447,24," 100,000",8,
travel essentials  ,"1,255","112,936",197," 90,000",159,
body care set  ,111,445,22," 4,000",8,
travel items  ,9,909,-4," 100,000",12,
cruise essentials  ,102,713,68," 7,000",10,
warm hoodies  ,232,"2,319",84," 10,000",27,
oversized hoodie  ,41,"2,433",24," 60,000",27,
fun headbands  ,48,436,-1," 9,000",8,
travel set  ,8,422,37," 50,000",8,
cabin socks  ,"4,023","3,460",94, 860,29,
cute stuff  ,13,"1,283",37," 100,000",26,
huddy  ,938,454,4, 484,8,
night socks  ,137,411,203," 3,000",8,
warm fluffy socks  ,403,403,230," 1,000",8,
home socks  ,67,401,38," 6,000",8,
best fuzzy socks  ,132,397,164," 3,000",8,
cute cozy socks  ,77,387,334," 5,000",8,
cute fluffy socks  ,48,335,217," 7,000",8,
fuzzy socks   pack,18,357,21," 20,000",8,
10 and under items  ,16,321,70," 20,000",8,
socks   fuzzy,157,472,8," 3,000",8,
happy birthday flowers  ,47,468,19," 10,000",8,
drinking cup  ,11,571,40," 50,000",9,
funny stocking stuffers  ,67,534,40," 8,000",9,
cute stocking stuffers  ,64,573,56," 9,000",9,
fall socks  ,63,440,-22," 7,000",8,
warm soft socks  ,44,435,60," 10,000",8,
gofts  ,6,"1,163",46," 200,000",26,
great stocking stuffers  ,16,319,5," 20,000",8,
oversized   hoodie,18,355,68," 20,000",8,
cozy earth socks  ,"2,657",481,678,181,9,
sleep socks   loose fit,905,654,109, 723,10,
self care set  ,90,452,68," 5,000",8,
large fuzzy socks   10-13,878,417,77, 475,8,
suitcase organizer bags set  ,836,419,416, 501,8,
travel safety essentials  ,227,909,-18," 4,000",12,
fancy tea cups  ,489,310,11, 634,8,
stuffers  ,20,399,132," 20,000",8,
bed socks   loose fit,847,326,-2,385,8,
spa day essentials  ,190,380,n/a," 2,000",8,
fuzzy socks   size 9-12,936,397,n/a, 424,8,
lip care set  ,223,445,n/a," 2,000",8,
tea mugs with lids  ,63,378,n/a," 6,000",8,
cute stanley cups  ,0,344,n/a,0,8,
birthday presents  ,24,"2,434",-13," 100,000",27,
fashion socks  ,14,713,-11," 50,000",10,
beauty kits  ,47,473,3," 10,000",8,
travel kits  ,22,443,-5," 20,000",8,
travel bag sets  ,"1,498",415,21,277,8,
sock  ,6,472,3," 80,000",8,
motorcycle accessories  ,28,847,-18," 30,000",11,
organizer bags  ,14,415,53," 30,000",8,
warm socks  ,"2,481","24,813",125," 10,000",54,
christmas stocking stuffers  ,206,"4,123",246," 20,000",29,
cool mugs  ,38,344,47," 9,000",8,
bath kit  ,365,365,27," 1,000",8,
damn it dolls  ,"14,267",642,22,45,10,
fun stuff  ,23,452,2," 20,000",8,
snuggie  ,"1,405",773,82, 550,11,
stocking stuffer  ,53,"1,584",167," 30,000",26,
christmas present  ,4,376,128," 100,000",8,
toiletry set  ,71,426,15," 6,000",8,
cozy slipper socks  ,214,642,31," 3,000",10,
wearable blanket  ,452,452,65," 1,000",8,
beauty boxes  ,24,484,-9," 20,000",9,
beach necessities  ,60,419,1," 7,000",8,
sock warmers  ,28,845,86," 30,000",11,
socks   ankle,322,"6,447",21," 20,000",32,
worlds softest socks  ,"3,464","3,464",67," 1,000",28,
side satchel bags  ,125,374,-6," 3,000",8,
flannel socks  ,"1,013",320,39, 316,8,
5 items  ,4,447,-2," 100,000",8,
warm thick socks  ,38,378,533," 10,000",8,
under 20 dollars  ,2,486,12," 200,000",9,
self care  ,77,"2,318",52," 30,000",27,
body sets  ,7,358,18," 50,000",8,
cozy  ,4,364,240," 100,000",8,
rose  ,14,"1,366",-12," 100,000",26,
winter necessities  ,435,435,64," 1,000",8,
fuzzy boot socks  ,342,342,"1,162"," 1,000",8,
prizes  ,40,399,39," 10,000",8,
fun things  ,58,466,35," 8,000",8,
christmas stuff  ,16,465,4," 30,000",8,
christmas stockings stuffers  ,54,535,55," 10,000",9,
shower bombs  ,"1,281","1,164",53, 909,26,
stocking stuffers   under 10 dollars,64,642,208," 10,000",10,
hospital care package  ,603,435,6, 721,8,
blanket sweatshirt  ,537,459,134, 854,8,
christmas bath bombs  ,887,642,267, 724,10,
shower steamers  ,"19,019","11,221",230,590,39,
self care kits  ,791,"1,582",74," 2,000",26,
garden kit  ,550,387,-20, 704,8,
body blanket  ,605,442,136, 731,8,
cluci crossbody bags  ,"19,005","4,124",-18,217,29,
wearable blanket hoodie  ,"1,609","1,609",225," 1,000",27,
over the shoulder fanny pack  ,206,411,11," 2,000",8,
alaska cruise essentials  ,"2,966",433,-6, 146,8,
beach purse   vacation,258,773,-5," 3,000",11,
cluci sling bag  ,"2,104",406,-8,193,8,
soft socks   fuzzy christmas,47,373,46," 8,000",8,
extra large fuzzy socks   13-15,127,381,21," 3,000",8,
plus size fuzzy socks   10-13,369,369,236," 1,000",8,
plus size blanket hoodies  ,"1,301",385,39, 296,8,
home essentials  ,26,"1,283","1,777"," 50,000",26,
cute mugs   aesthetic,463,463,92," 1,000",8,
headed hoodies  ,153,305,80," 2,000",8,
foozies socks  ,"1,224",573,405,468,9,
best beauty products   2024,713,713,22," 1,000",10,
comfy wearable blankets  ,588,475,n/a, 808,8,
japan travel essentials  ,"1,127",301,n/a,267,8,
bath bombs   relaxing,"3,267","3,267",311," 1,000",29,
mugs  ,161,"6,431",100," 40,000",32,
bath products  ,36,713,14," 20,000",10,
socks  ,"2,485","198,787",8," 80,000",263,
christmas presents  ,71,"6,431",137," 90,000",32,
travel kit  ,345,"3,453",-18," 10,000",28,
body care  ,81,"2,431",20," 30,000",27,
gardening accessories  ,23,468,62," 20,000",8,
home decor  ,4,408,291," 100,000",8,
bath items  ,70,419,214," 6,000",8,
birthday present  ,4,417,1," 100,000",8,
cozy socks   with grippers,"1,533","1,533",37," 1,000",26,
blanket robe  ,"2,201",909,49, 413,12,
spa kit  ,357,713,14," 2,000",10,
spa accessories  ,61,486,5," 8,000",9,
spa sets  ,"1,056",450,13,426,8,
fuzzy ankle socks  ,605,"1,209",50," 2,000",26,
bed socks  ,"2,112",773,20,366,11,
hair chalk  ,"3,245",714,n/a,220,10,
best socks  ,18,713,30," 40,000",10,
snuggy  ,"1,351",431,580, 319,8,
warmer socks  ,22,431,146," 20,000",8,
sleep socks  ,921,"1,841",32," 2,000",26,
christmas  ,"6,644","1,588",140,239,26,
spa stuff  ,234,468,4," 2,000",8,
spa  ,8,305,-12," 40,000",8,
sleeper socks  ,"1,039",348,"1,307",335,8,
under 10 dollars  ,9,"1,830",34," 200,000",26,
small stocking stuffers  ,17,845,172," 50,000",11,
tall fuzzy socks  ,191,573,25," 3,000",9,
comfy  ,49,342,56," 7,000",8,
giftsets  ,703,466,440,663,8,
fuzzy socks   christmas,"1,215","2,429",300," 2,000",27,
fuzzy sleep socks  ,364,364,21," 1,000",8,
pampering items  ,339,339,-11," 1,000",8,
cozy crew socks  ,431,431,61," 1,000",8,
blanket with sleeves  ,558,406,101, 727,8,
hand care kit  ,936,844,37, 902,11,
thick warm socks  ,36,713,41," 20,000",10,
8 dollar items  ,65,388,79," 6,000",8,
anxiety hoodies  ,141,424,214," 3,000",8,
snuggle hoodies  ,"1,020",452,718, 443,8,
goft  ,2,364,310," 200,000",8,
ugg fuzzy socks  ,"1,760",426,62,242,8,
travel size essentials  ,17,"1,365",-7," 80,000",26,
sherpa wearable blanket  ,454,373,94, 822,8,
under 25 dollar items  ,481,481,23," 1,000",9,
blanket robes   with hood,"1,272",383,"1,577", 301,8,
travel essentials   for flying,994,"2,982",254," 3,000",28,
travel socks   airplane,632,438,5, 693,8,
airplane travel essentials  ,215,644,20," 3,000",10,
hospital bag   labor delivery essentials,"1,421",452,-7,318,8,
self care sets  ,38,301,-3," 8,000",8,
bath steamers  ,500,388,43, 776,8,
cozy wearable blanket  ,424,424,43," 1,000",8,
hospital essentials  ,202,404,5," 2,000",8,
shower steamers   aromatherapy,"2,712","1,611",n/a, 594,26,
lighters  ,454,907,137," 2,000",12,
luxury luggage sets  ,"1,136",442,-9,389,8,
fuzzy christmas socks  ,"2,454","4,907",345," 2,000",31,
toiletries  ,"2,123",484,6,228,9,
office stuff  ,20,394,-10," 20,000",8,
personal care  ,4,431,7," 100,000",8,
blue fuzzy socks  ,571,456,"1,356", 798,8,
long fuzzy socks  ,"1,836","1,836",107," 1,000",27,
sherpa socks  ,517,304,13, 588,8,
fuzzy socks   cute,410,410,36," 1,000",8,
cute home decor  ,6,387,-7," 60,000",8,
self care kit  ,218,435,12," 2,000",8,
tehook fuzzy socks  ,"3,431",573,221,167,9,